trade_date,SMB_r
2015-04-17,-0.006013526324523141
2015-04-20,0.0009445152914817241
2015-04-21,0.04658128605769467
2015-04-22,-0.02520046845300741
2015-04-23,0.01898515502728729
2015-04-24,0.005116814974825771
2015-04-27,-0.01422317541756185
2015-04-28,-0.006438270824736386
2015-04-29,0.008009196672007812
2015-04-30,0.005178286998520991
2015-05-04,0.002633119128356272
2015-05-05,0.006226267512935597
2015-05-06,-0.004238189648843435
2015-05-07,0.0001511131165970233
2015-05-08,0.0235883677194539
2015-05-11,0.01350322905319989
2015-05-12,0.009053739920583852
2015-05-13,0.01313921721684139
2015-05-14,0.002249698076146268
2015-05-15,0.01930932068066982
2015-05-18,0.03095559177489779
2015-05-19,-0.01527133280296875
2015-05-20,0.01811300399108702
2015-05-21,0.02395371885245705
2015-05-22,-0.02620834104525726
2015-05-25,-0.004134214672506652
2015-05-26,0.03397367752792406
2015-05-27,0.0006950519630454454
2015-05-28,0.0118829342921447
2015-05-29,0.02384864829497147
2015-06-01,0.01618453208842224
2015-06-02,0.01983863660132159
2015-06-03,0.001354107065367724
2015-06-04,-0.03588299941543451
2015-06-05,0.009096092479325482
2015-06-08,-0.05321240772655397
2015-06-09,0.02301041284138331
2015-06-10,0.02631330435919266
2015-06-11,0.01652741938402222
2015-06-12,0.007433515825729398
2015-06-15,0.013285815857426
2015-06-16,-0.01508403079022054
2015-06-17,0.0117524045792912
2015-06-18,-0.0005078259317278858
2015-06-19,0.009977367949167204
2015-06-23,-0.04292228578629155
2015-06-24,-0.007714423219153155
2015-06-25,-0.0126194475029313
2015-06-26,0.001401763184253127
2015-06-29,-0.05141653891892523
2015-06-30,-0.0204455832387902
2015-07-01,-0.02620308255807266
2015-07-02,0.003870362178892559
2015-07-03,0.01485435813552505
2015-07-06,-0.02489623065428354
2015-07-07,-0.03339093444142668
2015-07-08,-0.02552427757388172
2015-07-09,-6.067776986844187e-05
2015-07-10,0.009496894304634337
2015-07-13,0.05901636051372162
2015-07-14,0.04111666728530232
2015-07-15,-0.03095689526519519
2015-07-16,0.012782963853834
2015-07-17,0.02697695401083974
2015-07-20,-0.0005731442579955046
2015-07-21,0.01284539279529778
2015-07-22,0.01355987108450334
2015-07-23,0.0201395891495126
2015-07-24,-0.008808682782078303
2015-07-27,0.01117300802912215
2015-07-28,-0.02156174983758241
2015-07-29,0.02210061931179012
2015-07-30,-0.01742530004693236
2015-07-31,0.0123887270253292
2015-08-03,-0.02695455133135453
2015-08-04,0.02459269302738135
2015-08-05,-0.001108657916703799
2015-08-06,0.007682463155767793
2015-08-07,0.01934022632563243
2015-08-10,0.01506315656248787
2015-08-11,-0.01011613374313753
2015-08-12,-0.006556604330682256
2015-08-13,0.02016233830956875
2015-08-14,0.009236975267992626
2015-08-17,0.03433710101561232
2015-08-18,-0.03419996343806936
2015-08-19,0.02169212643188591
2015-08-20,0.0003802839043071556
2015-08-21,-0.009348507659778023
2015-08-24,0.002205988462771674
2015-08-25,-0.0006280647765478375
2015-08-26,-0.05474700419567395
2015-08-27,-0.006648736420334034
2015-08-28,0.02687180032445553
2015-08-31,-0.03094541342486424
2015-09-01,-0.07068226845362961
2015-09-02,0.0077421679015825
2015-09-07,0.03033359888797154
2015-09-08,0.01845096695481123
2015-09-09,0.01589752290380589
2015-09-10,0.001641003668568949
2015-09-11,0.01147676365398852
2015-09-14,-0.04049350387820926
2015-09-15,-0.03008988218986158
2015-09-16,0.0181182633980103
2015-09-17,0.0008824377374369481
2015-09-18,0.01311561739016079
2015-09-21,0.02766660461736626
2015-09-22,-0.01317704855605495
2015-09-23,0.002991366148528025
2015-09-24,0.008748613281878736
2015-09-25,-0.02811286557970036
2015-09-28,0.02485318939640995
2015-09-29,0.007974106374780713
2015-09-30,-0.01120168514642521
2015-10-08,0.02029819825969642
2015-10-09,0.001118741836355117
2015-10-12,0.004063929378020359
2015-10-13,0.01021361073143609
2015-10-14,0.00204810038313856
2015-10-15,0.01999839970867203
2015-10-16,-0.005042086085441114
2015-10-19,0.0009569125240104677
2015-10-20,0.0005329799805190993
2015-10-21,-0.01716817237103124
2015-10-22,0.009437765208873194
2015-10-23,0.01585221350581108
2015-10-26,-0.006137696334937411
2015-10-27,0.003367763500357489
2015-10-28,-0.01383098138594312
2015-10-29,0.005002284225489302
2015-10-30,0.000476796024799084
2015-11-02,-0.005965475878980183
2015-11-03,0.003924897032457277
2015-11-04,0.003366612670754263
2015-11-05,-0.01787833299082286
2015-11-06,0.0008606705155514774
2015-11-09,0.005170047791983389
2015-11-10,0.003353622276114466
2015-11-11,0.01235253843668653
2015-11-12,0.008569301655497737
2015-11-13,0.0002206973155859573
2015-11-16,0.02072414579898017
2015-11-17,-0.003354421026694934
2015-11-18,-0.006565860203752542
2015-11-19,0.008378252817639396
2015-11-20,0.01387240157996604
2015-11-23,-0.004295478749163382
2015-11-24,0.005352342114099202
2015-11-25,0.01039778040998359
2015-11-26,-0.004063093171187854
2015-11-27,-0.01164621385600099
2015-11-30,0.004428974424396973
2015-12-01,-0.008257210937677662
2015-12-02,-0.02745114628726365
2015-12-03,0.01056525877930302
2015-12-04,0.007391632533874983
2015-12-07,0.00818785089010683
2015-12-08,-0.004014727668059768
2015-12-09,-0.005677325996554619
2015-12-10,0.00182787548414213
2015-12-11,0.0002527100718434675
2015-12-14,-0.00625451788336295
2015-12-15,0.01395756760704842
2015-12-16,0.006792737842185181
2015-12-17,0.005353620354002463
2015-12-18,-0.001174520737069551
2015-12-21,-0.01219242044629181
2015-12-22,0.005043197882570963
2015-12-23,-0.01372687938784234
2015-12-24,0.009898245225735871
2015-12-25,-0.0005216345987123609
2015-12-28,0.002527770086307092
2015-12-29,0.001886647087537299
2015-12-30,0.01237712284062585
2015-12-31,-0.01061541479114312
2016-01-04,0.0009649036642105785
2016-01-05,-0.02176412671293525
2016-01-06,0.0007830464637185175
2016-01-07,-0.0008506323773729285
2016-01-08,-0.01711819546520704
2016-01-11,-0.02694874670393466
2016-01-12,0.006793182832040917
2016-01-13,-0.01260935687714798
2016-01-14,0.01507351716362818
2016-01-15,-0.00829770114072102
2016-01-18,0.01687490158696098
2016-01-19,0.01310981111502985
2016-01-20,0.003238612242555571
2016-01-21,-0.006041064052481053
2016-01-22,0.007582226442357721
2016-01-25,0.003389165994170685
2016-01-26,-0.02051013887513825
2016-01-27,-0.01160254721632818
2016-01-28,-0.005755877467367186
2016-01-29,0.003565368818424966
2016-02-01,0.005737650148296795
2016-02-02,0.01514397354405238
2016-02-03,0.008051799891367402
2016-02-04,0.01048985348847691
2016-02-05,0.002094288366916358
2016-02-15,0.008196386046594423
2016-02-16,0.01156943585673163
2016-02-17,0.002373884185455168
2016-02-18,-0.001924937057152581
2016-02-19,0.004289877164390899
2016-02-22,-0.002365565306470946
2016-02-23,0.002189208038324448
2016-02-24,0.0002001528133063297
2016-02-25,-0.02688680626308061
2016-02-26,0.0001873150600956806
2016-02-29,-0.03160154589891628
2016-03-01,0.002597478042690133
2016-03-02,0.01919097636983267
2016-03-03,0.001433520504064102
2016-03-04,-0.04125116884810931
2016-03-07,0.01449719672098327
2016-03-08,0.01608164788020765
2016-03-09,-0.00942556177479733
2016-03-10,-0.01000616704579522
2016-03-11,0.002704032942007446
2016-03-14,0.02067387774478202
2016-03-15,-0.00496988149562589
2016-03-16,-0.01221732318034238
2016-03-17,0.01560616526715649
2016-03-18,0.02191240471870315
2016-03-21,-0.003092292499479597
2016-03-22,0.002202289249593681
2016-03-23,0.005015649078681215
2016-03-24,-0.002202403338296896
2016-03-25,0.005079340640919093
2016-03-28,0.0009698262559853649
2016-03-29,-0.003434343001105714
2016-03-30,0.0111742296314969
2016-03-31,0.0007569412870273397
2016-04-01,-0.004332027386952865
2016-04-05,0.01781505647705239
2016-04-06,0.003594878580058884
2016-04-07,0.000131747028310614
2016-04-08,0.0002261678002214882
2016-04-11,0.008559279925537492
2016-04-12,-0.0003011840848464098
2016-04-13,9.015356289886547e-05
2016-04-14,0.00859864459819418
2016-04-15,-0.001889601964526739
2016-04-18,-0.006546229121800333
2016-04-19,0.00164255380983088
2016-04-20,-0.02855541043469728
2016-04-21,-0.0007977690082311639
2016-04-22,0.002977196411870829
2016-04-25,-0.001339197112297789
2016-04-26,0.007700743255064801
2016-04-27,0.001685196429737395
2016-04-28,-0.003680802232386765
2016-04-29,0.0002037837904050408
2016-05-03,0.01900621097508812
2016-05-04,0.0009050498886526786
2016-05-05,0.01117499264535766
2016-05-06,-0.00817009735937909
2016-05-09,-0.01908827676025076
2016-05-10,-0.004663578249216743
2016-05-11,-0.007173574652126389
2016-05-12,-0.0001620544978304193
2016-05-13,-0.003949010881116113
2016-05-16,0.01551572394214052
2016-05-17,0.0009576875513220705
2016-05-18,-0.01724596906390331
2016-05-19,0.002890317669181073
2016-05-20,0.01014823861430713
2016-05-23,0.01028105706813945
2016-05-24,-0.00208168619748468
2016-05-25,-0.004718474038263567
2016-05-26,0.01249440665681926
2016-05-27,-0.0003125169628972377
2016-05-30,-0.001787752238408523
2016-05-31,0.01612970527006288
2016-06-01,0.003298909455938329
2016-06-02,0.004163493148824533
2016-06-03,-0.002080915150834271
2016-06-06,0.001543738396921082
2016-06-07,0.006050381064024299
2016-06-08,0.0004353106754817529
2016-06-13,-0.007959612669605959
2016-06-14,-0.007586886069189515
2016-06-15,0.01940629899563447
2016-06-16,0.002459204825325462
2016-06-17,0.0005672304515851271
2016-06-20,0.003669973820877174
2016-06-21,-0.009967452891720996
2016-06-22,0.01384528865739245
2016-06-23,0.0004021174568304897
2016-06-24,-0.001454365353301918
2016-06-27,0.009627285125146164
2016-06-28,0.006979636787291983
2016-06-29,-0.003315625217283055
2016-06-30,-0.0004056129123880387
2016-07-01,0.0009230391552177359
2016-07-04,-0.001912472596721712
2016-07-05,0.006323439913025776
2016-07-06,-0.0001478457509599507
2016-07-07,0.007053130300100457
2016-07-08,0.002889978343940645
2016-07-11,-0.005903306169437137
2016-07-12,-0.00884702144675185
2016-07-13,0.005287956513529781
2016-07-14,0.00378632683233172
2016-07-15,-0.002532110097938367
2016-07-18,-0.002993944973982861
2016-07-19,0.006424704616762483
2016-07-20,0.001504067406225729
2016-07-21,-0.001218455430128139
2016-07-22,0.001804945963472319
2016-07-25,0.001526554641840785
2016-07-26,0.001231302558339246
2016-07-27,-0.01979605570973465
2016-07-28,-0.005305720285917455
2016-07-29,-0.0001178213866019867
2016-08-01,-0.002190561548865124
2016-08-02,0.005046231372617421
2016-08-03,0.003224209811554945
2016-08-04,0.006419709605359553
2016-08-05,-0.007611037673606467
2016-08-08,0.00721993354333751
2016-08-09,0.001264592210770845
2016-08-10,0.000981526047738327
2016-08-11,-0.01168439996959376
2016-08-12,-0.008326819297831085
2016-08-15,-0.003026306143732543
2016-08-16,0.009820553480819338
2016-08-17,0.002938895798020673
2016-08-18,0.001817174840337332
2016-08-19,0.001795617444587428
2016-08-22,-0.004518856995047248
2016-08-23,-0.002088198635194409
2016-08-24,0.005522660105705736
2016-08-25,-0.000323315162951897
2016-08-26,0.001852452581216423
2016-08-29,0.007206108333896703
2016-08-30,-0.00396837988339546
2016-08-31,-0.003422566502068074
2016-09-01,0.001737725551720299
2016-09-02,-0.0055726410658062
2016-09-05,0.002565324360420991
2016-09-06,0.01214789812321318
2016-09-07,-0.002632201154697875
2016-09-08,0.007325865430364046
2016-09-09,0.0006147459433167692
2016-09-12,-0.006503055476544655
2016-09-13,0.002558930342303102
2016-09-14,0.001001903180439263
2016-09-19,0.002590795333076537
2016-09-20,-0.001160753622527985
2016-09-21,-0.002012068004289701
2016-09-22,-0.0008571906142911673
2016-09-23,0.005567817688735106
2016-09-26,-0.002355050747192491
2016-09-27,0.001549294911012087
2016-09-28,4.33870318683673e-05
2016-09-29,0.003268748654524251
2016-09-30,0.001738962936359259
2016-10-10,0.006650180970490912
2016-10-11,-0.0003950903895443946
2016-10-12,0.001460511391998684
2016-10-13,0.00242087591078624
2016-10-14,-0.003312489160801449
2016-10-17,0.001690921211520561
2016-10-18,-0.002348966317502213
2016-10-19,-0.0008736163099287361
2016-10-20,0.001347068908429531
2016-10-21,-0.005847778472180552
2016-10-24,-0.002449354251652127
2016-10-25,0.004206270557184336
2016-10-26,6.33001135989168e-05
2016-10-27,-0.0001236180724560325
2016-10-28,-0.006422020827782813
2016-10-31,0.001343729219793052
2016-11-01,0.001846673523162959
2016-11-02,-0.003736632643697514
2016-11-03,-0.004960143271113488
2016-11-04,0.001277015510933197
2016-11-07,-0.002985068460087958
2016-11-08,0.002221304960029914
2016-11-09,-0.004030652709532311
2016-11-10,0.003843353725750799
2016-11-11,0.0001575916668030142
2016-11-14,0.0009205478208191105
2016-11-15,0.002764865137598042
2016-11-16,0.003491557945281079
2016-11-17,-0.0009317385404679739
2016-11-18,-0.003099047103201825
2016-11-21,-0.003432376580366479
2016-11-22,-0.0001308560551437181
2016-11-23,-0.006607008333618843
2016-11-24,-0.004163817362504355
2016-11-25,-0.01221018940475137
2016-11-28,4.187905829271948e-05
2016-11-29,-0.01504007617448303
2016-11-30,0.004028960654704507
2016-12-01,-0.004150020529766647
2016-12-02,-0.008872576306924597
2016-12-05,0.0200005223152179
2016-12-06,0.001474405238202031
2016-12-07,0.005875510181993631
2016-12-08,0.0004605150212281022
2016-12-09,-0.01026846473969093
2016-12-12,-0.02039784540982083
2016-12-13,0.00815465797574965
2016-12-14,0.002997144068008187
2016-12-15,0.02150162281722681
2016-12-16,0.003792882790106113
2016-12-19,0.003259319972742343
2016-12-20,0.00575259054382965
2016-12-21,0.001467425740501302
2016-12-22,0.0001848843362238211
2016-12-23,0.002231508837182461
2016-12-26,-0.002080830973271442
2016-12-27,-0.0003954410944347088
2016-12-28,0.003520882820081994
2016-12-29,-0.0004293706489173105
2016-12-30,-0.0004108948167976075
2017-01-03,-0.000390949896886433
2017-01-04,0.004386346376004673
2017-01-05,0.001802041139465405
2017-01-06,0.001342965129152107
2017-01-09,0.0007955281379243596
2017-01-10,-0.002487102137344488
2017-01-11,-0.001590818254502844
2017-01-12,-0.002211491637366565
2017-01-13,-0.01103317759723428
2017-01-16,-0.02847699068032669
2017-01-17,0.004511981190702711
2017-01-18,-0.007434572303004668
2017-01-19,0.001523617327502954
2017-01-20,0.005810633519112138
2017-01-23,0.004629590260587745
2017-01-24,0.00124855853174206
2017-01-25,0.0011695510406333
2017-01-26,0.001568719862024539
2017-02-03,0.003475506228946612
2017-02-06,0.005776624497087461
2017-02-07,-0.00133651983386001
2017-02-08,0.003101426336453643
2017-02-09,0.002753479086516379
2017-02-10,-0.005060572859928934
2017-02-13,0.000212006990143997
2017-02-14,4.317441328555282e-05
2017-02-15,-0.005137053175515364
2017-02-16,0.00357761564890402
2017-02-17,-0.001941873044365178
2017-02-20,-0.004645303920951235
2017-02-21,0.005628683463370527
2017-02-22,0.005333326757815521
2017-02-23,0.005250997500824538
2017-02-24,0.00246250880930489
2017-02-27,-0.002434046282741993
2017-02-28,0.003879217926082847
2017-03-01,0.001707896070536714
2017-03-02,0.003614587733771776
2017-03-03,0.005158368625286136
2017-03-06,0.00530289271757901
2017-03-07,-0.002552270479208345
2017-03-08,-0.00215462160903389
2017-03-09,-0.001557867755073545
2017-03-10,0.001639760064013872
2017-03-13,-0.00184787267494739
2017-03-14,0.0002808722076661314
2017-03-15,-0.00138976546853355
2017-03-16,0.004738887496754975
2017-03-17,0.00479393568507395
2017-03-20,9.157833901869477e-05
2017-03-21,-0.001358710659066658
2017-03-22,0.001663252659637167
2017-03-23,-0.001544044278966489
2017-03-24,-0.001758366034492764
2017-03-27,0.0003986298092338606
2017-03-28,-0.0009807502429914326
2017-03-29,-0.002646960470204388
2017-03-30,-0.004493485876120581
2017-03-31,-0.003178577952052381
2017-04-05,0.007827614362726859
2017-04-06,0.0005213389679361284
2017-04-07,0.0005561754613250321
2017-04-10,0.0008739784289504302
2017-04-11,0.008286435672491856
2017-04-12,-0.003639299213275418
2017-04-13,0.004174540247389372
2017-04-14,-0.004682224761606294
2017-04-17,-0.009772050181248831
2017-04-18,-0.0003940870168173262
2017-04-19,-0.0048841599227107
2017-04-20,-0.005052963514721683
2017-04-21,-0.00784835387978042
2017-04-24,-0.01431876560283485
2017-04-25,-0.001449915319687785
2017-04-26,0.001034770193372451
2017-04-27,0.003130309772177702
2017-04-28,0.004500369080071192
2017-05-02,0.003195964143967854
2017-05-03,-5.849204325196825e-05
2017-05-04,-0.001096259749760734
2017-05-05,-0.004078454512036775
2017-05-08,-0.01146810334878764
2017-05-09,0.004532602525542363
2017-05-10,-0.01915277400474494
2017-05-11,-0.008109356720292109
2017-05-12,-0.008434643206529492
2017-05-15,0.003235693417311758
2017-05-16,0.01085129248201685
2017-05-17,0.007974278609608922
2017-05-18,-0.005150274775194953
2017-05-19,-0.003163869990020828
2017-05-22,-0.01513700412492394
2017-05-23,-0.02503090095310873
2017-05-24,0.007461523595927904
2017-05-25,-0.01537168154094542
2017-05-26,0.001794571988648472
2017-05-31,-0.007553772226703371
2017-06-01,-0.02074447760435225
2017-06-02,0.01715529831416408
2017-06-05,0.01063955515670318
2017-06-06,-0.00218009074173969
2017-06-07,0.01079140092966947
2017-06-08,-0.009642620487339782
2017-06-09,-0.001492267012076573
2017-06-12,-0.01054704562714233
2017-06-13,0.01027344872391817
2017-06-14,0.01233363894338158
2017-06-15,0.009075604118840518
2017-06-16,0.003067292305120875
2017-06-19,-0.003656524199092709
2017-06-20,0.006377229317362645
2017-06-21,-0.00967650561835763
2017-06-22,-0.01540511988625073
2017-06-23,-0.009182503778470616
2017-06-26,0.008671304373573625
2017-06-27,-0.004582597748400981
2017-06-28,0.003972421522905537
2017-06-29,-0.002684060381732719
2017-06-30,0.00521534792462909
2017-07-03,0.01274722362623719
2017-07-04,0.006611756753880942
2017-07-05,-0.00774745425626665
2017-07-06,-0.0003452752521426131
2017-07-07,0.008488837590640168
2017-07-10,-0.005135648083597109
2017-07-11,-0.01714023915405775
2017-07-12,0.002100554201382396
2017-07-13,-0.007160411988341298
2017-07-14,-0.007885067232289223
2017-07-17,-0.03029341923531891
2017-07-18,0.01100894851096168
2017-07-19,-0.0001626447740344927
2017-07-20,0.00217026999253923
2017-07-21,0.009412746603812052
2017-07-24,0.002024546849616713
2017-07-25,0.006964558706410195
2017-07-26,0.003917569504364563
2017-07-27,0.008108695012511165
2017-07-28,0.004764556489320477
2017-07-31,0.009292174253691412
2017-08-01,-0.01005477634627348
2017-08-02,-0.004209426364538751
2017-08-03,0.01137133922732857
2017-08-04,-0.0009937402909828705
2017-08-07,0.008613892632891687
2017-08-08,-0.001519425173152941
2017-08-09,0.007302522729762986
2017-08-10,-0.006359246338560202
2017-08-11,0.002606125093138519
2017-08-14,0.00830495651801151
2017-08-15,-0.001989358850904796
2017-08-16,0.003880413348669249
2017-08-17,0.001436870047486844
2017-08-18,-0.005299900969578073
2017-08-21,0.006778714763172439
2017-08-22,-0.00614550864880538
2017-08-23,-0.01045402984552877
2017-08-24,-0.001145959306337699
2017-08-25,-0.006359263166608439
2017-08-28,0.001384649833872964
2017-08-29,-0.002571013508865587
2017-08-30,0.00767391879061998
2017-08-31,0.005466380133416282
2017-09-01,0.007653332911058087
2017-09-04,0.001637910979023203
2017-09-05,-0.0003355557273592869
2017-09-06,0.006159761347535037
2017-09-07,-0.001762366804103524
2017-09-08,0.001981450209885115
2017-09-11,0.01350593058045388
2017-09-12,-0.005108512817148407
2017-09-13,0.005503521393680198
2017-09-14,0.003619494615633936
2017-09-15,-0.007760733614146923
2017-09-18,0.004309033633142625
2017-09-19,-0.00305175550393621
2017-09-20,0.005198860354810639
2017-09-21,-0.009319035497066221
2017-09-22,-0.007264840051786069
2017-09-25,-0.007409790987608585
2017-09-26,0.00377759117268001
2017-09-27,0.01030578823729243
2017-09-28,-0.003967378804932933
2017-09-29,0.00246474732146493
2017-10-09,0.002100256056274754
2017-10-10,0.004158468871697801
2017-10-11,-0.01078996767428073
2017-10-12,-0.005005281368332113
2017-10-13,0.005767357684837805
2017-10-16,-0.01301528005414404
2017-10-17,-0.0006852702157731953
2017-10-18,-0.01299294097645994
2017-10-19,-0.004128489123114228
2017-10-20,0.01119147376775336
2017-10-23,0.00384557888731739
2017-10-24,-0.008326253724313167
2017-10-25,0.0005244233841846593
2017-10-26,-0.003345024638598462
2017-10-27,-0.01012030829327632
2017-10-30,-0.01085897924979993
2017-10-31,0.003412907903233265
2017-11-01,-0.001192631799947288
2017-11-02,-0.007459291399343996
2017-11-03,-0.006022121579501686
2017-11-06,0.005662618449639235
2017-11-07,-0.004118021634412497
2017-11-08,0.004772650345780166
2017-11-09,0.0006875354366951431
2017-11-10,-0.005373748536854594
2017-11-13,0.001772956482137664
2017-11-14,-0.003059534282902102
2017-11-15,-0.00355661502382185
2017-11-16,-0.004651905249511961
2017-11-17,-0.02908369184531348
2017-11-20,0.003549950705442719
2017-11-21,-0.01689519377021632
2017-11-22,-0.007539837591040833
2017-11-23,0.0061737810741457
2017-11-24,0.0025714205164909
2017-11-27,0.005286076679381493
2017-11-28,0.0153817265162015
2017-11-29,0.003407009999505474
2017-11-30,0.002062879797079193
2017-12-01,0.01291624033270382
2017-12-04,-0.01248913859696351
2017-12-05,-0.02614008236537257
2017-12-06,0.01322433259932131
2017-12-07,0.001973121334739313
2017-12-08,0.00199852006153186
2017-12-11,-0.001800593937377816
2017-12-12,0.007060983082498427
2017-12-13,-0.001150096818754779
2017-12-14,0.005895368172013929
2017-12-15,0.004430900859533125
2017-12-18,-0.00926594012911568
2017-12-19,-0.002421125078982247
2017-12-20,-0.008360533295252541
2017-12-21,-0.002110077445295426
2017-12-22,0.005527902340204067
2017-12-25,-0.008041317280954245
2017-12-26,0.004331283560503382
2017-12-27,0.009256589662658861
2017-12-28,-0.001469629295375289
2017-12-29,0.01080378823934198
2018-01-02,-0.005893494026303439
2018-01-03,0.002121027176590927
2018-01-04,-0.0008061203147325217
2018-01-05,-0.004077878913565172
2018-01-08,0.00172691619442065
2018-01-09,-0.008260754210987485
2018-01-10,-0.007355460126569238
2018-01-11,0.003101585829509797
2018-01-12,-0.008912410995654157
2018-01-15,-0.01821451636777251
2018-01-16,-0.00889665149987863
2018-01-17,-0.000854896628184134
2018-01-18,-0.00211254106884279
2018-01-19,-0.007977859769090975
2018-01-22,0.006992502941662081
2018-01-23,-0.01001550137531513
2018-01-24,0.009189925452831094
2018-01-25,0.003813423022168449
2018-01-26,-0.004131645800384275
2018-01-29,0.004448785009764578
2018-01-30,0.00942337993213867
2018-01-31,-0.02157867684772525
2018-02-01,-0.02466083397191791
2018-02-02,-0.006181551433392696
2018-02-05,0.0005871662674302642
2018-02-06,-0.01398391930397424
2018-02-07,0.01920118003754709
2018-02-08,0.02021988847583055
2018-02-09,0.014179687388797
2018-02-12,0.006555028897302397
2018-02-13,-0.004409570921218155
2018-02-14,-0.007985223693554342
2018-02-22,0.001231189410248797
2018-02-23,-0.004780976689630427
2018-02-26,0.01477693823233657
2018-02-27,0.01215964089780642
2018-02-28,0.01019844952568663
2018-03-01,0.004669991460046378
2018-03-02,0.002271103183047966
2018-03-05,0.001863024261014358
2018-03-06,-0.002579685020974089
2018-03-07,-5.972845635355065e-05
2018-03-08,-0.002777913385897418
2018-03-09,0.007321082163970984
2018-03-12,0.009147964264138941
2018-03-13,0.005196591617232974
2018-03-14,-0.007472712393170535
2018-03-15,-0.008520475344077672
2018-03-16,0.004998590753234462
2018-03-19,-0.006293986011239187
2018-03-20,0.003398511825858769
2018-03-21,-0.00370095039699291
2018-03-22,0.009880939607040706
2018-03-23,-0.01839334154262415
2018-03-26,0.02214291437369527
2018-03-27,0.01526693609320785
2018-03-28,0.008060928238977392
2018-03-29,-0.00399446812111498
2018-03-30,0.01542866142652092
2018-04-02,0.003646809359393263
2018-04-03,-0.008464488711047132
2018-04-04,-0.005439848959045328
2018-04-09,-0.000651807605263274
2018-04-10,-0.01018115409006829
2018-04-11,-9.437222548841127e-05
2018-04-12,0.005571243072567363
2018-04-13,0.005657727347051399
2018-04-16,0.01277357740410162
2018-04-17,-0.002497736980141326
2018-04-18,0.007615347035900324
2018-04-19,-0.007883272120739788
2018-04-20,-0.0009159911405363375
2018-04-23,-0.01464730765610378
2018-04-24,-0.0003038761607985566
2018-04-25,0.003861252982838455
2018-04-26,0.004587598407050298
2018-04-27,0.004396149712369671
2018-05-02,-0.007592946505520643
2018-05-03,0.003963970240370714
2018-05-04,0.004141596746588573
2018-05-07,0.003244975642645545
2018-05-08,-0.009394820188023754
2018-05-09,0.0005891548188777271
2018-05-10,-0.003269254982376111
2018-05-11,-0.001366401492362162
2018-05-14,-0.0137491768761546
2018-05-15,0.006034189559872837
2018-05-16,0.006647076688304619
2018-05-17,0.001522156943032328
2018-05-18,-0.007030274470900482
2018-05-21,0.006946880608731632
2018-05-22,0.00957096713502124
2018-05-23,0.002809878678037139
2018-05-24,0.003773426336820967
2018-05-25,-0.01055542796858173
2018-05-28,-0.008065509320248961
2018-05-29,-0.002728004399342702
2018-05-30,-0.004082700127410854
2018-05-31,-0.007474236762058752
2018-06-01,-0.005102280575367978
2018-06-04,-0.007765630475361956
2018-06-05,0.008343343396251663
2018-06-06,-0.0004991785523666753
2018-06-07,-0.004264460982976275
2018-06-08,0.002204770268909896
2018-06-11,-0.007135784347442149
2018-06-12,-0.003166397082058594
2018-06-13,-0.004712638819350674
2018-06-14,0.0006609277584760319
2018-06-15,-0.01713757425155708
2018-06-19,-0.02990746449428994
2018-06-20,0.0091954642169318
2018-06-21,-0.01132163903776138
2018-06-22,0.0124373781383491
2018-06-25,0.002788714777781282
2018-06-26,0.0182192807378249
2018-06-27,0.01240629630407254
2018-06-28,0.00332237703943213
2018-06-29,0.006992924958141172
2018-07-02,0.01834178639573452
2018-07-03,0.005359325221169341
2018-07-04,-0.001889128393934656
2018-07-05,-0.02414273156056933
2018-07-06,-0.00232837968832655
2018-07-09,-0.005072649507070089
2018-07-10,0.003070409638274612
2018-07-11,-0.0008607037581366793
2018-07-12,0.005652145822740547
2018-07-13,0.00237490789490415
2018-07-16,0.007161446893722986
2018-07-17,0.003303916096186023
2018-07-18,0.0003960888804916346
2018-07-19,-0.01078970098556939
2018-07-20,-0.006666049181920175
2018-07-23,0.002129143639272298
2018-07-24,0.001340128790060843
2018-07-25,0.001894345540814253
2018-07-26,0.005348421556162592
2018-07-27,-0.004654416703550813
2018-07-30,-0.01268025127816599
2018-07-31,-0.0002186876632218684
2018-08-01,0.008729492344890545
2018-08-02,-0.00253606841576328
2018-08-03,0.004605770015741032
2018-08-06,-0.00768393872628829
2018-08-07,-0.00367541718035477
2018-08-08,0.000510815408681968
2018-08-09,0.001102331818514268
2018-08-10,0.00388108828968457
2018-08-13,0.01171327708030161
2018-08-14,0.001659121061526446
2018-08-15,0.00324661690033394
2018-08-16,-0.00886451185107403
2018-08-17,-0.002821577661481049
2018-08-20,-0.005769636304318083
2018-08-21,-0.0067560164699126
2018-08-22,-0.003582491337373428
2018-08-23,0.003477691403147971
2018-08-24,-0.005903503801538395
2018-08-27,-0.0008603425604936828
2018-08-28,0.004280429699262709
2018-08-29,-0.001918620061905019
2018-08-30,-0.003931884100399246
2018-08-31,-0.006070521733863994
2018-09-03,0.01060489350124005
2018-09-04,-0.006533615369996213
2018-09-05,0.00853657168533172
2018-09-06,0.005173809808912395
2018-09-07,-0.008288540237341418
2018-09-10,-0.002727461739758168
2018-09-11,0.004295247884703124
2018-09-12,0.002317861142388638
2018-09-13,-0.00420268102397469
2018-09-14,-0.01337516036074379
2018-09-17,-0.001284004342176666
2018-09-18,-0.003262412676943278
2018-09-19,-0.0003916801848137808
2018-09-20,0.001454198650811824
2018-09-21,-0.009036984807646194
2018-09-25,0.002078332790340543
2018-09-26,-0.008917318181878268
2018-09-27,-0.005519478666577102
2018-09-28,0.002392666704005642
2018-10-08,0.01190294986700666
2018-10-09,-0.004438428329376621
2018-10-10,0.0008722592174494678
2018-10-11,-0.02642114289472991
2018-10-12,-0.01920596726915548
2018-10-15,-0.005236534527514774
2018-10-16,-0.01591276511492392
2018-10-17,-0.0004131026104227456
2018-10-18,-0.001731682001976268
2018-10-19,0.0003828074505302925
2018-10-22,0.007681353455844989
2018-10-23,0.00898361680134981
2018-10-24,-0.003818441043751431
2018-10-25,-0.0008505007835353162
2018-10-26,0.004067662890284409
2018-10-29,0.01687835386041647
2018-10-30,-0.001320836691780874
2018-10-31,0.003046700848214685
2018-11-01,-0.0007293203085373288
2018-11-02,-0.004809611341267138
2018-11-05,0.01191709496134401
2018-11-06,0.006917145292876478
2018-11-07,-0.001260868085161329
2018-11-08,-0.004532517284277981
2018-11-09,0.01344707884262767
2018-11-12,0.01613667218369389
2018-11-13,0.009526421652389601
2018-11-14,0.006182424557146114
2018-11-15,0.00491041409482623
2018-11-16,0.002232253631829536
2018-11-19,-0.009238414208510915
2018-11-20,-0.007935133726885656
2018-11-21,0.00393526216198897
2018-11-22,0.0003501350430977464
2018-11-23,-0.01956813200978597
2018-11-26,-0.001478112010072322
2018-11-27,0.00750982186195168
2018-11-28,-0.001638191485619087
2018-11-29,-0.009292508862557693
2018-11-30,-0.006017224105907501
2018-12-03,0.004624541616110964
2018-12-04,0.006032953615477144
2018-12-05,-0.004915063800456049
2018-12-06,0.001627718418159514
2018-12-07,0.001940393686602952
2018-12-10,-0.001864923347378514
2018-12-11,0.006785769883131211
2018-12-12,-0.005942079328749694
2018-12-13,-0.00200714125424511
2018-12-14,-0.006526753411134945
2018-12-17,-0.002161865813118505
2018-12-18,0.00673047726507931
2018-12-19,-0.00262000278216804
2018-12-20,0.01199342700104998
2018-12-21,0.007907613089402285
2018-12-24,0.01044202200258163
2018-12-25,-0.008251564927162724
2018-12-26,0.003272836055761959
2018-12-27,-0.01064578565546954
2018-12-28,-0.002671320457503321
2019-01-02,0.005451982846970567
2019-01-03,-0.0029928506945308
2019-01-04,0.003087288744518912
2019-01-07,0.01263911893043057
2019-01-08,-0.001161567555013049
2019-01-09,-0.006247491820462713
2019-01-10,-0.0001487935189221495
2019-01-11,0.0006396658834400201
2019-01-14,0.004628994151486706
2019-01-15,-0.003543360465137022
2019-01-16,-0.002319338701415476
2019-01-17,-0.002933433247613147
2019-01-18,-0.005972072425040227
2019-01-21,-0.0004249843403791968
2019-01-22,-0.003735071849089137
2019-01-23,0.004354980648413238
2019-01-24,-0.0002460650761927797
2019-01-25,-0.01263818588450774
2019-01-28,-0.0030597205964448
2019-01-29,-0.01644848002170113
2019-01-30,-0.003372135981417074
2019-01-31,-0.01302273183018813
2019-02-01,0.01551025326501185
2019-02-11,0.008371084945035608
2019-02-12,0.0003180755267781516
2019-02-13,-0.004111601554855585
2019-02-14,0.003864461753742852
2019-02-15,0.009702055192646622
2019-02-18,0.01130480716164595
2019-02-19,-0.0009759899448904571
2019-02-20,-0.005074818919443664
2019-02-21,0.002051063820726204
2019-02-22,0.004420587209012481
2019-02-25,-0.006002135832285829
2019-02-26,0.0139103094305818
2019-02-27,-0.005188888801854986
2019-02-28,0.005377252958702844
2019-03-01,-0.01072769215184772
2019-03-04,0.002075722307853443
2019-03-05,0.02065766615357518
2019-03-06,0.0136516801639076
2019-03-07,0.01677042128608081
2019-03-08,0.00884679450172177
2019-03-11,0.01692337371964861
2019-03-12,0.01010272966469172
2019-03-13,-0.01859999947583554
2019-03-14,-0.01505551834661278
2019-03-15,-0.002483697769044627
2019-03-18,0.002757110434702555
2019-03-19,0.002941521182958201
2019-03-20,-0.00391007015304789
2019-03-21,0.01487857977085716
2019-03-22,0.00931623925179485
2019-03-25,0.01002467135345072
2019-03-26,-0.02034541253523314
2019-03-27,0.0005228795114487457
2019-03-28,-0.01134286502151543
2019-03-29,-0.0004011814670431407
2019-04-01,0.01560459423743635
2019-04-02,-0.0008282367322738917
2019-04-03,-0.001445408008834323
2019-04-04,-0.004655130999459562
2019-04-08,-0.007150088182791713
2019-04-09,-0.0007191642184176342
2019-04-10,-0.004778014969898462
2019-04-11,0.001800113301419895
2019-04-12,0.0003038435383132566
2019-04-15,-0.008855042200674547
2019-04-16,-0.00406870863917369
2019-04-17,0.003871856557839309
2019-04-18,-0.001470565173771282
2019-04-19,-0.002923437052228514
2019-04-22,0.008980466878553375
2019-04-23,-0.02180287446194541
2019-04-24,0.01212978689055367
2019-04-25,-0.01929441317996251
2019-04-26,0.008861030931179969
2019-04-29,-0.02757023240499148
2019-04-30,0.001508548404301458
2019-05-06,-0.02460146808506877
2019-05-07,0.006074528094261317
2019-05-08,0.006287578346359316
2019-05-09,0.01294564877180337
2019-05-10,0.003816883883198077
2019-05-13,-0.002143934109532128
2019-05-14,0.004285736955348251
2019-05-15,-0.0009163285742874311
2019-05-16,0.004045128664195726
2019-05-17,-0.00900000790803377
2019-05-20,0.008293764060357296
2019-05-21,0.006253124012738804
2019-05-22,-0.002389223700599159
2019-05-23,-0.003046580460555962
2019-05-24,-0.006295214036924409
2019-05-27,0.01724804673910321
2019-05-28,-0.008542933967654048
2019-05-29,-0.005045046924683696
2019-05-30,0.002355264955067337
2019-05-31,-0.006095495580418695
2019-06-03,-0.01004779465790836
2019-06-04,-0.0009827927810631314
2019-06-05,-0.00260185836240697
2019-06-06,-0.01511847043083865
2019-06-10,-0.003654227939487753
2019-06-11,0.01586777357391399
2019-06-12,-0.005182568441606753
2019-06-13,0.005442764455807086
2019-06-14,-0.008363534843414157
2019-06-17,0.001995034338527018
2019-06-18,-0.002646128695162865
2019-06-19,0.0003715383309047492
2019-06-20,-0.005226297939148406
2019-06-21,0.01533116041277715
2019-06-24,-0.001165298568774633
2019-06-25,-0.0007502273272158716
2019-06-26,-0.0004505868227107925
2019-06-27,-0.003954875729579361
2019-06-28,-0.008479886892911558
2019-07-01,0.002020214073686737
2019-07-02,-0.004087937593417399
2019-07-03,0.002638329496701097
2019-07-04,0.001795103220908049
2019-07-05,0.001842572788596598
2019-07-08,-0.01625574380734215
2019-07-09,0.003545465346210122
2019-07-10,-0.003487561711686236
2019-07-11,-0.0008803468588072516
2019-07-12,0.0004483410466968162
2019-07-15,0.008356055568920683
2019-07-16,0.006685173664830325
2019-07-17,0.0002005926771020522
2019-07-18,-0.006688557364245275
2019-07-19,-0.003363814207181338
2019-07-22,-0.01056796299579429
2019-07-23,0.006553381663148483
2019-07-24,0.00146671444227039
2019-07-25,-0.004590339297254526
2019-07-26,0.001343333015630946
2019-07-29,-0.001032623066371112
2019-07-30,0.003420752449960794
2019-07-31,0.004369767073815796
2019-08-01,0.003264760734993987
2019-08-02,0.002958234472453905
2019-08-05,0.008499094311805984
2019-08-06,-0.009713224318638082
2019-08-07,-0.0001250780930292673
2019-08-08,-0.005689789748443696
2019-08-09,-0.00601617221137946
2019-08-12,0.007463850651475196
2019-08-13,0.0005863998871626754
2019-08-14,0.0007134118016619961
2019-08-15,0.002624169001606314
2019-08-16,-0.0006503239914012731
2019-08-19,0.01455567842652963
2019-08-20,-0.001382180373340861
2019-08-21,0.00136968710596252
2019-08-22,-0.001820103597779437
2019-08-23,-0.006312411372512352
2019-08-26,0.005305485894846799
2019-08-27,0.001850277184054536
2019-08-28,0.004262981158916068
2019-08-29,0.004342257955749595
2019-08-30,-0.009067808086993902
2019-09-02,0.01397324656151598
2019-09-03,0.004517792194014257
2019-09-04,0.005299256876909814
2019-09-05,-0.002380086745367951
2019-09-06,-0.003436081542596827
2019-09-09,0.01634175245025849
2019-09-10,-0.0004167954512884911
2019-09-11,0.003396746882230686
2019-09-12,-0.006207256085554611
2019-09-16,0.002770057741126383
2019-09-17,-0.003125962723157797
2019-09-18,-0.003726884880271909
2019-09-19,0.004592248749310209
2019-09-20,-0.0004641181723995437
2019-09-23,0.005713423575993077
2019-09-24,-0.002114920660354869
2019-09-25,-0.009772421438021685
2019-09-26,-0.01183271098339269
2019-09-27,0.002284147880242509
2019-09-30,-0.001926270549749844
2019-10-08,-0.003350288013873759
2019-10-09,0.006960095067409964
2019-10-10,0.004436028428582449
2019-10-11,-0.006100866110638773
2019-10-14,0.001146202177385949
2019-10-15,-0.007181975477868269
2019-10-16,-0.002496245966537562
2019-10-17,-0.003073908833341748
2019-10-18,0.001573490130964682
2019-10-21,-0.001355268588517084
2019-10-22,0.007442713784704255
2019-10-23,-0.002101573221271772
2019-10-24,-0.001698586931947534
2019-10-25,0.00230206372120951
2019-10-28,0.009539404148456672
2019-10-29,-0.009262739729380798
2019-10-30,-0.005080576782929789
2019-10-31,-0.005097866305504261
2019-11-01,-0.01002673964846655
2019-11-04,-0.002054675112672185
2019-11-05,0.002830331031936495
2019-11-06,-0.005501172432337442
2019-11-07,0.004921037969245191
2019-11-08,0.001564588585657878
2019-11-11,-0.007011911253042624
2019-11-12,0.003334935932043388
2019-11-13,0.0001385856620591861
2019-11-14,0.004569491430305279
2019-11-15,0.0004293696228361561
2019-11-18,-0.00078381895791238
2019-11-19,0.006948229502876227
2019-11-20,0.002971845099153703
2019-11-21,0.008162031126765418
2019-11-22,1.682845989166466e-05
2019-11-25,-0.004553018518796526
2019-11-26,-0.005505387405392948
2019-11-27,0.005085776235070276
2019-11-28,0.001911100811482947
2019-11-29,0.01188094135826195
2019-12-02,0.0004801475269684452
2019-12-03,0.001260875382618471
2019-12-04,-0.001226440097264827
2019-12-05,0.002577738066640549
2019-12-06,0.004549332203005209
2019-12-09,0.005017569053920393
2019-12-10,0.00654188896122723
2019-12-11,-0.005862626304122471
2019-12-12,0.0006959131732355364
2019-12-13,-0.006473602001118845
2019-12-16,0.01165845222572454
2019-12-17,0.0007411335509299836
2019-12-18,0.004172041578714389
2019-12-19,0.003009491357035503
2019-12-20,-0.004863910191105518
2019-12-23,-0.01528949793825553
2019-12-24,0.008801114114103812
2019-12-25,0.005439069430768715
2019-12-26,-0.0009119585235548653
2019-12-27,-0.006758098673456912
2019-12-30,0.001511987342963851
2019-12-31,-0.0006991063575898619
2020-01-02,0.006223125738875982
2020-01-03,0.005048371902402263
2020-01-06,0.01540150601913285
2020-01-07,0.005774513701967551
2020-01-08,-0.003148962376186712
2020-01-09,0.001282800996497892
2020-01-10,-0.005571299872801344
2020-01-13,0.008725849465716123
2020-01-14,-0.002675147941528097
2020-01-15,0.005695426107647342
2020-01-16,0.004266088217162746
2020-01-17,-0.0068316454466315
2020-01-20,0.01006167191143938
2020-01-21,0.003888361334672567
2020-01-22,0.008164141833078889
2020-01-23,-0.008393489599918355
2020-02-03,-1.727750726544797e-05
2020-02-04,-0.01737980722100935
2020-02-05,0.01189483111955595
2020-02-06,0.01112253094591884
2020-02-07,0.008196422079319603
2020-02-10,0.004768215550719309
2020-02-11,-0.01123951063622477
2020-02-12,0.01390347266098467
2020-02-13,-0.004207764666965161
2020-02-14,-0.003707621278934239
2020-02-17,0.01304144783827466
2020-02-18,0.01184641534388761
2020-02-19,-0.005204108408234091
2020-02-20,-0.003813013356413503
2020-02-21,0.01307921556079907
2020-02-24,0.01409866578074462
2020-02-25,0.009166390109965639
2020-02-26,-0.01393475823773506
2020-02-27,-0.001886088921614478
2020-02-28,-0.01995213489006299
2020-03-02,0.006160585326574895
2020-03-03,-1.362184921622264e-06
2020-03-04,-0.001563504801284843
2020-03-05,-0.008867988162028224
2020-03-06,0.008147845726956694
2020-03-09,-0.004709897037718756
2020-03-10,0.01000686574610251
2020-03-11,-0.003314628679889582
2020-03-12,0.00461889445377265
2020-03-13,0.009121830519484907
2020-03-16,-0.002525054229729318
2020-03-17,0.004333425988357799
2020-03-18,0.002704276933784687
2020-03-19,0.02297522393896039
2020-03-20,-0.004518063320896604
2020-03-23,-0.006892036490080224
2020-03-24,-0.01182754361909247
2020-03-25,-0.002025507055155133
2020-03-26,-0.00411222656829229
2020-03-27,-0.01058953022752845
2020-03-30,-0.01060157605293611
2020-03-31,-0.0006660329327121736
2020-04-01,-0.0002419952481611698
2020-04-02,0.01452241476903169
2020-04-03,-0.005176302688871329
2020-04-07,0.008454723675730372
2020-04-08,0.00567907792603564
2020-04-09,0.004842500634625779
2020-04-10,-0.01026773977016436
2020-04-13,-0.00512470604445592
2020-04-14,0.006902880794400976
2020-04-15,0.002420473816636049
2020-04-16,0.008235716108138119
2020-04-17,-0.005301498051633768
2020-04-20,0.005160820205950243
2020-04-21,0.003220322677378993
2020-04-22,0.001666601143309722
2020-04-23,-0.002986164960081684
2020-04-24,-0.008056688117348823
2020-04-27,-0.007834433189889894
2020-04-28,-0.01376381748345659
2020-04-29,-0.0006272750812572874
2020-04-30,0.01036774955272043
2020-05-06,0.01194521892209785
2020-05-07,-0.0001174820677829163
2020-05-08,0.003653275955041805
2020-05-11,-0.001836701463743664
2020-05-12,0.003565302420033106
2020-05-13,0.002397473311586221
2020-05-14,0.003418800611626038
2020-05-15,0.004882201479990163
2020-05-18,-0.007382399027947832
2020-05-19,0.003684842916885953
2020-05-20,-0.004529222852165844
2020-05-21,-0.00501481128788355
2020-05-22,0.00814962498209882
2020-05-25,-0.004426816461355183
2020-05-26,0.007289010118247397
2020-05-27,-0.002972091676994647
2020-05-28,-0.004901664052177226
2020-05-29,0.005923160177172761
2020-06-01,0.007777980894649691
2020-06-02,-0.004145717394792988
2020-06-03,-0.001204459491601928
2020-06-04,0.0003811204324141043
2020-06-05,-0.003239860110853247
2020-06-08,-0.006394685957017766
2020-06-09,0.0001328474409080359
2020-06-10,0.0003163465137954974
2020-06-11,0.01138687645533282
2020-06-12,0.000323462136527463
2020-06-15,0.009881016347867692
2020-06-16,0.003326765938414206
2020-06-17,0.002077679815357068
2020-06-18,-0.004804634566391931
2020-06-19,-0.003259270502716172
2020-06-22,-0.001721142560250008
2020-06-23,-0.0002861069098192715
2020-06-24,-0.0075068875989797
2020-06-29,0.001535674935047085
2020-06-30,0.006354034226176452
2020-07-01,-0.01886484962334841
2020-07-02,-0.001923843271945992
2020-07-03,-0.004788419609510921
2020-07-06,-0.02657447360684564
2020-07-07,0.02114515722988512
2020-07-08,0.006601586299384177
2020-07-09,0.01411588711227095
2020-07-10,0.01409084132481441
2020-07-13,0.01091801916348733
2020-07-14,-0.007606247083268328
2020-07-15,-0.009861917761848648
2020-07-16,0.0002083052205137728
2020-07-17,-0.002728338770036851
2020-07-20,-0.003619444582517138
2020-07-21,0.003107678143390993
2020-07-22,0.002424536858207174
2020-07-23,0.0005206660164668148
2020-07-24,-0.005078500165205557
2020-07-27,-0.006821484737691955
2020-07-28,2.274457488019889e-05
2020-07-29,0.007661162269501198
2020-07-30,0.0006227969524994874
2020-07-31,0.005037857263644243
2020-08-03,0.005977904340389851
2020-08-04,-0.008303309746667906
2020-08-05,0.00999270637980907
2020-08-06,0.003777926614314498
2020-08-07,-0.001856566895810725
2020-08-10,0.003715841995758714
2020-08-11,-0.01108892179010655
2020-08-12,-0.006507466499674612
2020-08-13,0.00813410435803044
2020-08-14,-0.0001084283763009633
2020-08-17,-0.00780411269987074
2020-08-18,0.005629264804201868
2020-08-19,-0.001853320787374685
2020-08-20,0.002918362100081102
2020-08-21,-0.002740823824818473
2020-08-24,-0.0006536026808764408
2020-08-25,-0.007508511670326451
2020-08-26,-0.001178590406846779
2020-08-27,0.003516267666827062
2020-08-28,-0.004534211530871465
2020-08-31,0.001221629477097324
2020-09-01,0.00166907970598929
2020-09-02,-0.001651359365952538
2020-09-03,-0.001788043371220213
2020-09-04,0.006921169931713787
2020-09-07,-0.000800648961708051
2020-09-08,0.00259536562637541
2020-09-09,-0.003237112657849404
2020-09-10,-0.01588924560075868
2020-09-11,0.001375338520215816
2020-09-14,0.001023643245525972
2020-09-15,-0.002590090874129361
2020-09-16,0.003423749827935178
2020-09-17,0.00915387381438648
2020-09-18,-0.007943654627297528
2020-09-21,0.002111057152241667
2020-09-22,0.0001076238116768553
2020-09-23,0.004504179593111849
2020-09-24,-0.005741799289057221
2020-09-25,0.0004045948442495395
2020-09-28,-0.009722929441685112
2020-09-29,0.006797718317879421
2020-09-30,-0.001695816923623842
2020-10-09,0.004491696385467599
2020-10-12,-0.0004080974600716158
2020-10-13,-0.002607782505974314
2020-10-14,0.0002202109728834216
2020-10-15,-0.004992526433041868
2020-10-16,-0.003362191006955939
2020-10-19,-0.004791966682354676
2020-10-20,0.005146493324557109
2020-10-21,-0.01145709934504186
2020-10-22,-0.0005235783893476663
2020-10-23,-0.006059018184486905
2020-10-26,0.01016380071305892
2020-10-27,-0.003451168853197632
2020-10-28,-0.002910309301353217
2020-10-29,-0.006707243094134696
2020-10-30,-0.007813224480630421
2020-11-02,0.0008084049746589356
2020-11-03,0.006181338304371441
2020-11-04,-0.00986085588784075
2020-11-05,0.004476443189335801
2020-11-06,-0.007676023292921606
2020-11-09,-0.005415291040821602
2020-11-10,-0.002550737035575802
2020-11-11,-0.003051731502619958
2020-11-12,0.00427035521235522
2020-11-13,0.01137235442222392
2020-11-16,0.0004954122172268639
2020-11-17,-0.002269479966134337
2020-11-18,0.001777350542175484
2020-11-19,-0.002787905165416804
2020-11-20,0.007119666906349145
2020-11-23,-0.002021460915850941
2020-11-24,0.002701268678152095
2020-11-25,-0.002838206060644759
2020-11-26,-0.001909376186193674
2020-11-27,-0.01039189071784462
2020-11-30,-0.002817526239324433
2020-12-01,-0.004752697362916256
2020-12-02,0.0006375544609013815
2020-12-03,0.003735367219517684
2020-12-04,0.001450169152513
2020-12-07,-0.0007399579118989707
2020-12-08,0.003234098509368113
2020-12-09,-0.003183249162600868
2020-12-10,0.004072392073150384
2020-12-11,-0.007007278172715148
2020-12-14,0.0001463587174680599
2020-12-15,-0.002130902190520009
2020-12-16,-0.004312590640290659
2020-12-17,-0.001512873460005303
2020-12-18,0.002102555320069787
2020-12-21,0.007329701524424958
2020-12-22,-0.002040883692446501
2020-12-23,-0.002340773601953565
2020-12-24,-0.01173365805159449
2020-12-25,0.002746303375302912
2020-12-28,-0.01169260774297191
2020-12-29,8.232630052190529e-05
2020-12-30,-0.005695391482206592
2020-12-31,-0.006689456250551729
2021-01-04,0.00528956746036406
2021-01-05,-0.01247068668419265
2021-01-06,-0.007962777400732934
2021-01-07,-0.01742185809811671
2021-01-08,0.00974946648635596
2021-01-11,-0.00415410528203598
2021-01-12,-0.01855934040676192
2021-01-13,-0.001441406980268534
2021-01-14,0.01292826350936266
2021-01-15,-0.000889502135884848
2021-01-18,0.002333268485136892
2021-01-19,0.009078434274315482
2021-01-20,0.005317307249630828
2021-01-21,-0.00222088767968903
2021-01-22,0.001026967948510285
2021-01-25,-0.009237387054313635
2021-01-26,0.004694566687570768
2021-01-27,-0.0006743938688442092
2021-01-28,0.008907215872121869
2021-01-29,-0.005720099871219632
2021-02-01,-0.005259099411742569
2021-02-02,-0.004375645507834622
2021-02-03,-0.005218284319221224
2021-02-04,-0.008500360526706876
2021-02-05,-0.01363797987486159
2021-02-08,0.002387037832996259
2021-02-09,-0.00571857401962915
2021-02-10,-0.01537932135672052
2021-02-18,0.02096119296337641
2021-02-19,0.01623551380986011
2021-02-22,0.02114950706762836
2021-02-23,0.00156939856599145
2021-02-24,0.01509352351940954
2021-02-25,-0.01191199863986914
2021-02-26,0.003943095554247694
2021-03-01,0.003904936438011392
2021-03-02,0.006467193016776035
2021-03-03,-0.006546506311300795
2021-03-04,0.01344394738723965
2021-03-05,0.006642876199054322
2021-03-08,0.01550575361344038
2021-03-09,-0.001652627988766742
2021-03-10,-0.01768213522553092
2021-03-11,0.0008777278587966328
2021-03-12,-0.000463938192414392
2021-03-15,0.0134225013013458
2021-03-16,-0.005198600953780161
2021-03-17,0.002988064930637883
2021-03-18,-0.0004039102307489013
2021-03-19,0.02124459855161327
2021-03-22,0.0003277686692060178
2021-03-23,-0.00450327206107932
2021-03-24,0.003601725554756257
2021-03-25,0.003667320375009374
2021-03-26,-0.007792084658088184
2021-03-29,0.001281514996436164
2021-03-30,-0.006071472955068402
2021-03-31,0.005410781654019195
2021-04-01,-0.0061453629139641
2021-04-02,-0.007852924042265135
2021-04-06,0.008317553422485514
2021-04-07,0.007876739989731076
2021-04-08,0.001509982165165089
2021-04-09,0.01027465354779342
2021-04-12,0.001229550386126049
2021-04-13,-0.001228370212527011
2021-04-14,0.001822559737335029
2021-04-15,0.00727304845763861
2021-04-16,0.009632350712329926
2021-04-19,-0.01721420296934232
2021-04-20,0.004418269704920973
2021-04-21,-0.002796922808861931
2021-04-22,0.004326254788416658
2021-04-23,-0.004908133620830223
2021-04-26,0.01123219660486252
2021-04-27,-0.003847155063922186
2021-04-28,-0.001638935637366153
2021-04-29,-0.009753893499518548
2021-04-30,0.01151684597982182
2021-05-06,0.007170440521815266
2021-05-07,0.01110983583312185
2021-05-10,0.0005721333544854955
2021-05-11,-0.006892849857568785
2021-05-12,0.004196117592891989
2021-05-13,0.0002650789625723311
2021-05-14,-0.009351015181820764
2021-05-17,-0.008031830286464658
2021-05-18,0.003429922267560628
2021-05-19,0.001463627470287984
2021-05-20,-0.00694050579452673
2021-05-21,0.008318191709713926
2021-05-24,-0.002342889709223251
2021-05-25,-0.02364203040692428
2021-05-26,0.001226850168676699
2021-05-27,0.00323439391293832
2021-05-28,0.004263133305166103
2021-05-31,0.002170605923738189
2021-06-01,-0.002182782242672317
2021-06-02,0.003309962200952605
2021-06-03,0.0021256097590023
2021-06-04,0.002951466354889063
2021-06-07,0.0001777273400828048
2021-06-08,0.005676801553770172
2021-06-09,-0.001640899389809839
2021-06-10,0.005435023179774765
2021-06-11,0.008281939306970014
2021-06-15,0.001112658405244306
2021-06-16,0.004012770376433321
2021-06-17,0.002185006043109922
2021-06-18,0.007640045338856438
2021-06-21,0.005944121514061314
2021-06-22,-0.0001777422827265234
2021-06-23,0.004965739253007201
2021-06-24,-0.005437991231872378
2021-06-25,-0.008310931044099785
2021-06-28,-0.0009632867274089573
2021-06-29,0.003928126119537664
2021-06-30,-0.003188339851564889
2021-07-01,-0.003595467809361584
2021-07-02,0.01462025406574971
2021-07-05,0.002419620425185277
2021-07-06,-0.001707964611478332
2021-07-07,-0.002064918635152626
2021-07-08,0.00656937329327056
2021-07-09,0.01490253268299359
2021-07-12,0.0008094021170124543
2021-07-13,0.006185072575284125
2021-07-14,0.008769651873598109
2021-07-15,-0.01336507855208928
2021-07-16,0.0127703247933758
2021-07-19,-0.009242732598630326
2021-07-20,0.002941550917492011
2021-07-21,0.0050523554153809
2021-07-22,0.0039783365038435
2021-07-23,0.006118233175691016
2021-07-26,0.01941455903108695
2021-07-27,0.01986663704820739
2021-07-28,-0.01654473403847837
2021-07-29,0.001454854413837662
2021-07-30,0.00977451984955849
2021-08-02,-0.01358430216528253
2021-08-03,-0.007586482192645889
2021-08-04,0.006190354345584574
2021-08-05,0.006143806913898446
2021-08-06,0.00487407658805812
2021-08-09,-0.008339567068301303
2021-08-10,-0.007570276341045248
2021-08-11,0.01217034815260701
2021-08-12,0.01285546905662808
2021-08-13,0.007282568213991499
2021-08-16,-0.004575778690547239
2021-08-17,0.002539985222733205
2021-08-18,-0.008908539016723937
2021-08-19,0.008579582655559642
2021-08-20,0.01652598540664635
2021-08-23,-0.003642637306128009
2021-08-24,-0.001844538540383675
2021-08-25,0.005534485987551453
2021-08-26,0.01567820602897787
2021-08-27,0.002185568615422736
2021-08-30,0.00610351211187466
2021-08-31,0.004072960162317897
2021-09-01,-0.02210037467408051
2021-09-02,0.01375005391716456
2021-09-03,0.003486734307659049
2021-09-06,-0.0116351127905206
2021-09-07,0.01065187862227046
2021-09-08,0.00954313352980086
2021-09-09,0.01100041573198539
2021-09-10,-0.005972815275929766
2021-09-13,0.006804957865293805
2021-09-14,0.006438346314166231
2021-09-15,0.01389121169662567
2021-09-16,-0.009692006241418007
2021-09-17,-0.01690313179917044
2021-09-22,0.01511127008278141
2021-09-23,0.0003876147591579645
2021-09-24,-0.009640495323039374
2021-09-27,-0.03181246667029129
2021-09-28,0.004330996808659475
2021-09-29,-0.01431591747356023
2021-09-30,0.00621700369529221
2021-10-08,-0.01675528037073108
2021-10-11,0.00148460209899944
2021-10-12,-0.008170227086050252
2021-10-13,-0.007815463464072768
2021-10-14,0.01000422691042453
2021-10-15,0.002300575577298275
2021-10-18,0.01374113995219693
2021-10-19,-0.002241269274823274
2021-10-20,0.001820443815827163
2021-10-21,-0.008681669244891457
2021-10-22,-0.01309325278995007
2021-10-25,0.004197456793259996
2021-10-26,0.004408436117522268
2021-10-27,0.005556397092584747
2021-10-28,-0.006417079118343232
2021-10-29,0.004181191814011036
2021-11-01,0.008111173539900606
2021-11-02,0.003261262252279436
2021-11-03,0.007212487457973429
2021-11-04,-0.00155107191633239
2021-11-05,-0.004051239980431718
2021-11-08,0.004454400639964256
2021-11-09,0.006441856214124448
2021-11-10,0.003049550916284499
2021-11-11,-0.009637630480683945
2021-11-12,0.008372543707740439
2021-11-15,-0.00700537677003364
2021-11-16,-0.005983831500502278
2021-11-17,0.006730954696546391
2021-11-18,0.008313427221629715
2021-11-19,0.002471540868829983
2021-11-22,0.003639038811400984
2021-11-23,0.001727238534327364
2021-11-24,-0.002567993652117428
2021-11-25,0.003436238927525648
2021-11-26,0.005202552319243114
2021-11-29,0.003223596478282181
2021-11-30,0.004857462525974729
2021-12-01,0.003666573420432391
2021-12-02,-0.00971270581416376
2021-12-03,8.81840081970453e-07
2021-12-06,-0.00748480701864928
2021-12-07,-0.01098619272632033
2021-12-08,-0.003264706597062439
2021-12-09,-0.01365834871961153
2021-12-10,0.007191260275107721
2021-12-13,-0.0007394278619881898
2021-12-14,0.004569339553897406
2021-12-15,0.008043957317274898
2021-12-16,0.002264269520580666
2021-12-17,0.01011402885322701
2021-12-20,0.002596668661331715
2021-12-21,0.002344848941798251
2021-12-22,0.004470180361105626
2021-12-23,-0.002078612616501967
2021-12-24,0.0005479972581835003
2021-12-27,-0.002836455116567449
2021-12-28,-0.004551166956058495
2021-12-29,0.01148482342467044
2021-12-30,0.0003032212836729976
2021-12-31,0.003773436177353052
2022-01-04,0.004356539027001251
2022-01-05,-0.009181542883965676
2022-01-06,0.0124903016212141
2022-01-07,-0.00624441853078364
2022-01-10,-0.004282215848737311
2022-01-11,0.004423740251729299
2022-01-12,-0.004346068998268409
2022-01-13,0.00804949012294618
2022-01-14,0.006572197831011232
2022-01-17,0.0009863948671354813
2022-01-18,-0.008335100939526673
2022-01-19,-3.942565648535571e-05
2022-01-20,-0.01480389477508005
2022-01-21,-0.004213621263090706
2022-01-24,-0.001541001893707342
2022-01-25,-0.009422816506613793
2022-01-26,-0.003494936490003812
2022-01-27,-0.007549037631688515
2022-01-28,0.01170464157172192
2022-02-07,-0.004616732901651936
2022-02-08,0.0173973357991757
2022-02-09,0.004540001286478032
2022-02-10,0.002909995109404896
2022-02-11,-0.001766396895036711
2022-02-14,0.00269181138706876
2022-02-15,0.0002860301369223446
2022-02-16,-0.002639255106834465
2022-02-17,-0.001974565717941012
2022-02-18,0.003143547766642177
2022-02-21,0.006805684760366264
2022-02-22,0.004969462041381979
2022-02-23,0.004283258062667179
2022-02-24,0.002432174262069715
2022-02-25,-0.0017615533088261
2022-02-28,0.003575843272831896
2022-03-01,-0.006101961223380387
2022-03-02,0.008429493319733486
2022-03-03,0.004643291595112932
2022-03-04,0.004614828426804118
2022-03-07,0.01333446963100965
2022-03-08,-0.01692728873784318
2022-03-09,-0.01168398659598115
2022-03-10,0.001567758560090291
2022-03-11,0.006872505309283383
2022-03-14,0.009270753576241207
2022-03-15,-0.01313841294483985
2022-03-16,-0.01121038756805974
2022-03-17,-0.002823175031246683
2022-03-18,0.005223921335912964
2022-03-21,0.005290902833247488
2022-03-22,0.00207155610472003
2022-03-23,0.0001560963832781329
2022-03-24,-0.002771026356196731
2022-03-25,0.004883463783346278
2022-03-28,0.0104110670191566
2022-03-29,-0.002685138547256921
2022-03-30,-0.008644499912252222
2022-03-31,-0.000249591970779459
2022-04-01,-0.003309608026792083
2022-04-06,0.001904392484707088
2022-04-07,-0.01366587053947097
2022-04-08,-0.007109926493122736
2022-04-11,-0.003042996672091111
2022-04-12,0.004060742465760159
2022-04-13,-0.009101591272918909
2022-04-14,0.00278447267499325
2022-04-15,-0.01042039014301542
2022-04-18,0.01058227079946583
2022-04-19,0.008364867601782958
2022-04-20,-0.006933684399782262
2022-04-21,-0.01735540862345885
2022-04-22,-0.01024739672361595
2022-04-25,-0.01927192641683976
2022-04-26,-0.01996387017287454
2022-04-27,0.02296362826661049
2022-04-28,-0.01134568570536603
2022-04-29,0.01746370059245602
2022-05-05,0.01091822321952422
2022-05-06,0.001131130527597789
2022-05-09,0.0145718506987903
2022-05-10,0.006816707086381046
2022-05-11,-0.004816229943450839
2022-05-12,0.005585907304908237
2022-05-13,0.004070019392187546
2022-05-16,0.004795946937955414
2022-05-17,-0.007495878338402614
2022-05-18,-0.0006386543304544548
2022-05-19,0.006603582628788937
2022-05-20,-0.004414451142651835
2022-05-23,0.01138389849642179
2022-05-24,-0.01682009983303955
2022-05-25,0.01128148600701369
2022-05-26,0.01143483548802473
2022-05-27,-0.004518553451356867
2022-05-30,-0.0002931068670190056
2022-05-31,0.001176200205226179
2022-06-01,0.001649194110167401
2022-06-02,0.01136810049722685
2022-06-06,0.0002599805722809413
2022-06-07,-0.004132081851144131
2022-06-08,-0.004897932542236597
2022-06-09,-0.00338429256127715
2022-06-10,0.006340117787777967
2022-06-13,0.007439853020911332
2022-06-14,0.0004669561321975421
2022-06-15,-0.01778013838195421
2022-06-16,0.007792346297273334
2022-06-17,-0.003615339230445063
2022-06-20,-0.004040414223374177
2022-06-21,-0.007600165882095252
2022-06-22,-0.00525572180365232
2022-06-23,0.006700745652202685
2022-06-24,0.001187031094852763
2022-06-27,-0.008195266017714802
2022-06-28,0.006045515549429782
2022-06-29,-0.003026408205118994
2022-06-30,-0.00412267804698906
2022-07-01,0.002028082258064919
2022-07-04,0.006409803587409757
2022-07-05,0.0008757627951086794
2022-07-06,0.001264792123851239
2022-07-07,-0.0001334019553329
2022-07-08,-0.003915072318986471
2022-07-11,0.003214144770955015
2022-07-12,-0.004212468647542988
2022-07-13,0.001239676162964606
2022-07-14,0.009751765680616887
2022-07-15,0.0004175664782661674
2022-07-18,0.00452852724915683
2022-07-19,0.007310887849748959
2022-07-20,0.01211722212311759
2022-07-21,0.001562584265868429
2022-07-22,-0.01402646842743946
2022-07-25,-0.006839028762215912
2022-07-26,0.009332855374268381
2022-07-27,0.01647640012634152
2022-07-28,0.007977909982148805
2022-07-29,0.01059240351730475
2022-08-01,0.001395501378905671
2022-08-02,-0.01046042258985479
2022-08-03,0.002186544527598653
2022-08-04,-0.007206686959532351
2022-08-05,0.01117191242403179
2022-08-08,0.01082291784355721
2022-08-09,0.002307940981488048
2022-08-10,0.01239404440716051
2022-08-11,-0.006578336457095157
2022-08-12,-0.008444328578511209
2022-08-15,0.008972617038775036
2022-08-16,0.008470586481796064
2022-08-17,-0.007073540890623274
2022-08-18,0.01353574840998595
2022-08-19,-0.0100932349851063
2022-08-22,-0.0002252460294173541
2022-08-23,0.005840314374507465
2022-08-24,-0.02175454033845996
2022-08-25,-0.01311265965840201
2022-08-26,-0.002466757683871782
2022-08-29,0.01129149172649759
2022-08-30,0.0003119684232218
2022-08-31,-0.03458596597600386
2022-09-01,0.005006744709757859
2022-09-02,0.0129100571871856
2022-09-05,0.00362915166716588
2022-09-06,0.01247345729317327
2022-09-07,0.003588417238628166
2022-09-08,-0.002240248695036732
2022-09-09,-0.008428590322538274
2022-09-13,-0.00659935025353542
2022-09-14,-0.0003307927726536649
2022-09-15,-0.02706191825741961
2022-09-16,0.003227215327095443
2022-09-19,-0.01260185235827494
2022-09-20,0.01371762842972661
2022-09-21,0.01226525572229611
2022-09-22,0.01197763105495811
2022-09-23,-0.01466782246807839
2022-09-26,-0.004703889623047477
2022-09-27,0.01023611523761536
2022-09-28,-0.0152940360219015
2022-09-29,0.003398777261211921
2022-09-30,-0.01374445258839253
2022-10-10,-0.000710891282988322
2022-10-11,0.002294953714259655
2022-10-12,0.01382647412222048
2022-10-13,0.02027365150080326
2022-10-14,0.00602606581593677
2022-10-17,0.006241280142673828
2022-10-18,0.008090048945496317
2022-10-19,0.01067692388164495
2022-10-20,-0.002948077397365652
2022-10-21,0.007036235106775641
2022-10-24,0.02586407281313328
2022-10-25,-0.001603208466919241
2022-10-26,0.01763492571513343
2022-10-27,0.003185164100878449
2022-10-28,-0.01233998728844444
2022-10-31,0.01860516757859291
2022-11-01,-0.01174211358720782
2022-11-02,0.001599391980566587
2022-11-03,0.01191334414612463
2022-11-04,-0.006923097959155987
2022-11-07,-0.004721601543938136
2022-11-08,0.005596129417053567
2022-11-09,0.008233485555538635
2022-11-10,-0.003106268211033399
2022-11-11,-0.0223794970524285
2022-11-14,-0.007631568362253422
2022-11-15,0.004235132281744759
2022-11-16,-0.0005103000441585726
2022-11-17,0.008227449762187504
2022-11-18,-0.004294611152607102
2022-11-21,0.01442605676544626
2022-11-22,-0.01970099772143532
2022-11-23,-0.001956796168685358
2022-11-24,0.00566229127243767
2022-11-25,-0.01524586492709106
2022-11-28,0.01113589708720238
2022-11-29,-0.01559644269923959
2022-11-30,-0.003146964464062955
2022-12-01,0.0009505065123850461
2022-12-02,0.008236345977057257
2022-12-05,-0.01388411890751004
2022-12-06,-0.006664101707328699
2022-12-07,0.002403103767090033
2022-12-08,-0.008097451878608993
2022-12-09,-0.006000977347543169
2022-12-12,0.006410009492227964
2022-12-13,-0.00411147496206999
2022-12-14,-0.009738203360658379
2022-12-15,0.005692781886557392
2022-12-16,-0.006643297874758152
2022-12-19,-0.001683597756103498
2022-12-20,0.005216212801605176
2022-12-21,-0.005477423996473095
2022-12-22,-0.01613080736070446
2022-12-23,-0.004622858378260404
2022-12-26,0.01764752260437328
2022-12-27,-0.004819525618426158
2022-12-28,-0.002112682746982718
2022-12-29,2.077896934828301e-05
2022-12-30,-0.0008811624011726543
2023-01-03,0.01571746205207084
2023-01-04,-0.001560993782533292
2023-01-05,-0.007550572808634463
2023-01-06,-0.001439947882792944
2023-01-09,-0.003685040328635368
2023-01-10,0.0008794599554013515
2023-01-11,-0.005911066650974183
2023-01-12,-0.0008492757884307372
2023-01-13,-0.00743270657124573
2023-01-16,-0.007062323183305732
2023-01-17,0.003754899832431912
2023-01-18,0.00741828799271717
2023-01-19,0.006300834531993258
2023-01-20,0.003868858935285839
2023-01-30,-0.000258130355492648
2023-01-31,0.01388988824630254
2023-02-01,0.00740876778975868
2023-02-02,0.004745432666667798
2023-02-03,0.00799647327341599
2023-02-06,0.01065064735594508
2023-02-07,-0.0006543911308337833
2023-02-08,-0.003220610111133793
2023-02-09,0.01100104149894505
2023-02-10,-0.0003946339126414625
2023-02-13,0.0007860952625655887
2023-02-14,-0.0008085169890627722
2023-02-15,0.005806474750687932
2023-02-16,-0.0096964200180608
2023-02-17,0.006210082939446361
2023-02-20,-0.0181240330615179
2023-02-21,0.00141497652712067
2023-02-22,0.01359030343699452
2023-02-23,-0.002593544827577683
2023-02-24,0.007677029908183072
2023-02-27,-0.003727779671864816
2023-02-28,0.001740468780238452
2023-03-01,-0.00694699125455722
2023-03-02,-0.0007206195972421698
2023-03-03,-0.004747943921501935
2023-03-06,0.009235935145426333
2023-03-07,-0.001613153882107655
2023-03-08,0.006153137321231078
2023-03-09,0.00412005226158168
2023-03-10,0.002715230240339046
2023-03-13,-0.006238039885374636
2023-03-14,-0.002585011186453445
2023-03-15,0.005486971173176303
2023-03-16,-0.00190707788610258
2023-03-17,0.0005244515662826384
2023-03-20,0.003656505499503131
2023-03-21,-9.977353976663508e-06
2023-03-22,0.0006015658072146728
2023-03-23,-0.007033118960731813
2023-03-24,0.002327770973201251
2023-03-27,0.006270424427661341
2023-03-28,-0.001970792997457942
2023-03-29,-0.002493437253915451
2023-03-30,-0.008368191999759965
2023-03-31,0.004579566581534513
2023-04-03,0.002878838557946983
2023-04-04,-0.00369234607102352
2023-04-06,0.003984509993432152
2023-04-07,0.001857300201627773
2023-04-10,-0.002251895091214353
2023-04-11,0.001549426353890426
2023-04-12,0.005124493949924427
2023-04-13,0.00137959213848447
2023-04-14,-6.711973639560772e-05
2023-04-17,-0.01338043270505706
2023-04-18,-0.006379218335861947
2023-04-19,0.004557454911679669
2023-04-20,0.004622364200239021
2023-04-21,-0.00559799231175399
2023-04-24,0.005597914649878816
2023-04-25,-0.00965043065390079
2023-04-26,0.003692125454309836
2023-04-27,-0.005250785346135548
2023-04-28,0.005137629292222133
2023-05-04,-0.002634079212061186
2023-05-05,-0.006554994692488022
2023-05-08,-0.004850125610743236
2023-05-09,-0.002306374936854844
2023-05-10,0.008208220234997773
2023-05-11,0.0008314096327900085
2023-05-12,0.002166925939692506
2023-05-15,-0.01168284383058975
2023-05-16,-0.004535801293226683
2023-05-17,0.009818338704248194
2023-05-18,0.006815854462630504
2023-05-19,0.006902720737396693
2023-05-22,-0.00628434218598847
2023-05-23,0.005799708205867119
2023-05-24,0.009994675797249941
2023-05-25,0.0004579533888157106
2023-05-26,0.006452695406683048
2023-05-29,0.002819490937002541
2023-05-30,0.004696521857412039
2023-05-31,0.00698760662628617
2023-06-01,0.001533165430439951
2023-06-02,-0.007161640557529061
2023-06-05,0.004566077672600299
2023-06-06,-0.01103350676077796
2023-06-07,0.003602252863113924
2023-06-08,-0.01245147438259771
2023-06-09,0.0007177222445068614
2023-06-12,0.004643452829157669
2023-06-13,-0.003296426792255853
2023-06-14,0.003853927032928321
2023-06-15,-0.009724379413733372
2023-06-16,-0.002881424056565812
2023-06-19,0.008228978614320422
2023-06-20,0.003410758113002508
2023-06-21,-0.002773138145412468
2023-06-26,-0.004186498693471083
2023-06-27,0.0004179268468673634
2023-06-28,-0.002791117921051247
2023-06-29,0.008226342776079861
2023-06-30,0.007056703097399124
2023-07-03,-0.01040166160462293
2023-07-04,0.002121393111504293
2023-07-05,0.001078172738070297
2023-07-06,0.002670663748671775
2023-07-07,0.0005235632724666819
2023-07-10,-0.004159907382658102
2023-07-11,0.001155947281675704
2023-07-12,-0.006911001208560497
2023-07-13,-0.00703844730061871
2023-07-14,-0.0008139484931172595
2023-07-17,0.004744003257290474
2023-07-18,0.001446159249628737
2023-07-19,-0.002420928395471162
2023-07-20,-0.003848210106119504
2023-07-21,-0.001309216809463472
2023-07-24,0.003452529358680587
2023-07-25,-0.01314634080301271
2023-07-26,-0.001256063038401534
2023-07-27,-0.005709864542567807
2023-07-28,-0.01781224872938496
2023-07-31,0.003111077650772251
2023-08-01,0.002139278274374081
2023-08-02,0.006124786668303414
2023-08-03,-0.008261658448030862
2023-08-04,0.001653277283938759
2023-08-07,0.003053272258190375
2023-08-08,1.027583467264059e-05
2023-08-09,-0.00573443396285397
2023-08-10,-0.0009933452855255458
2023-08-11,0.006636401640552785
2023-08-14,0.00843401303502352
2023-08-15,-0.007216426188998207
2023-08-16,-0.00346611237085917
2023-08-17,0.005146247262055353
2023-08-18,-0.005197920343079266
2023-08-21,0.002347884106295262
2023-08-22,-0.002337596963554163
2023-08-23,-0.002591026527265084
2023-08-24,-0.006645781305985377
2023-08-25,-0.01344298354437652
2023-08-28,-0.006693946771296777
2023-08-29,0.02256824711380752
2023-08-30,0.005692713772186674
2023-08-31,0.001598718693457597
2023-09-01,-0.006508032501317736
2023-09-04,-0.0006196308777141786
2023-09-05,0.002054261015786265
2023-09-06,0.00527316891945189
2023-09-07,-0.002173197914410884
2023-09-08,0.005368408951991435
2023-09-11,0.006792208960799375
2023-09-12,0.002446902680358892
2023-09-13,-0.00648598131758515
2023-09-14,-0.002896853850553261
2023-09-15,0.005223012335461917
2023-09-18,-0.00190464461609852
2023-09-19,-0.004615531877579968
2023-09-20,-0.003565136493117274
2023-09-21,0.002095944701886315
2023-09-22,-0.0003761399100331714
2023-09-25,0.002095632466174714
2023-09-26,0.001240020410615535
2023-09-27,0.003773518332946811
2023-09-28,0.009000648513659601
2023-10-09,-0.0002998925332908494
2023-10-10,0.004269683946380575
2023-10-11,-0.0009991727923334686
2023-10-12,-0.002271420369536018
2023-10-13,0.008915510036594257
2023-10-16,0.0006497929333006119
2023-10-17,-0.004927330173663029
2023-10-18,-0.009602308154820612
2023-10-19,0.01212041838908171
2023-10-20,-0.006158489382321976
2023-10-23,-0.0142716665653591
2023-10-24,0.008332529948847398
2023-10-25,0.005364762435222873
2023-10-26,0.002809815885882447
2023-10-27,0.007024639069296986
2023-10-30,0.007640699639128548
2023-10-31,-0.002775913017912458
2023-11-01,-0.0005338966474055904
2023-11-02,-0.004747847983015497
2023-11-03,0.005690667641561826
2023-11-06,0.00761654800524047
2023-11-07,0.004857791733625564
2023-11-08,0.005245098428715865
2023-11-09,-0.007228770018349134
2023-11-10,0.006673951153574144
2023-11-13,0.008032941157868
2023-11-14,0.00490431284692724
2023-11-15,-0.001943700824574593
2023-11-16,-0.0004102236820415234
2023-11-17,0.01182233622989062
2023-11-20,0.006185287933232636
2023-11-21,-0.009630288448139162
2023-11-22,0.0008184621710435984
2023-11-23,0.007438437088692302
2023-11-24,-0.007507809599621733
2023-11-27,0.006354493797775648
2023-11-28,0.0007809261153298907
2023-11-29,0.003566040090582707
2023-11-30,-0.008913650942948593
2023-12-01,0.01415162813490085
2023-12-04,0.001352226829137954
2023-12-05,0.004800515097150886
2023-12-06,0.00332235503930379
2023-12-07,0.00734311225231811
2023-12-08,-0.004061229437293336
2023-12-11,0.003393981711404653
2023-12-12,-0.001133718023504197
2023-12-13,0.008245174112203985
2023-12-14,0.0008260137323837457
2023-12-15,-0.007161062683509013
2023-12-18,-0.0101767658847999
2023-12-19,-0.0009944514047679892
2023-12-20,-0.006333455194378784
2023-12-21,-0.006510668484048393
2023-12-22,-0.0104118634811144
2023-12-25,-0.004309361434668278
2023-12-26,-0.007039088620038592
2023-12-27,0.003842105295421361
2023-12-28,-0.003093264521357005
2023-12-29,0.0143078916987489
2024-01-02,0.005155019619081519
2024-01-03,-0.003087593132185304
2024-01-04,0.002358404696855944
2024-01-05,-0.01314254138327306
2024-01-08,-0.01751998407291179
2024-01-09,0.001316540718455547
2024-01-10,-0.0004494064805142927
2024-01-11,0.0152751939240103
2024-01-12,-0.005642993140898894
2024-01-15,-0.002363704731679822
2024-01-16,-0.01039959909316288
2024-01-17,-0.01295758219306746
2024-01-18,-0.002958653882237637
2024-01-19,-0.0112337980225371
2024-01-22,-0.06129664563915281
2024-01-23,0.02847560680013429
2024-01-24,0.003410344098884157
2024-01-25,0.02279234749618555
2024-01-26,-0.01656722219165804
2024-01-29,-0.01976478500108324
2024-01-30,-0.01636014791505832
2024-01-31,-0.02871053562906017
2024-02-01,-0.005639480971694409
2024-02-02,-0.02667334423999885
2024-02-05,-0.08053121718188999
2024-02-06,0.07700257101654706
2024-02-07,0.0417672556050547
2024-02-08,0.02719784195405635
2024-02-19,-0.01351875766670573
2024-02-20,0.003318936087333123
2024-02-21,-0.01854110750984541
2024-02-22,0.0163131489682731
2024-02-23,0.01734136080413939
2024-02-26,0.01152906982742105
2024-02-27,0.01812300941563647
2024-02-28,-0.03879732585864232
2024-02-29,0.02541526014782514
2024-03-01,0.004346572947568179
2024-03-04,0.0007257859352937466
2024-03-05,-0.01702239384524217
2024-03-06,0.006278177111866076
2024-03-07,-0.007002214857189985
2024-03-08,0.00938828740001361
2024-03-11,0.007668600634818279
2024-03-12,0.001771384716758324
2024-03-13,0.01081709637025048
2024-03-14,-0.004003830455227733
2024-03-15,0.01383528454596648
2024-03-18,0.01152901341977518
2024-03-19,-0.003350139018246187
2024-03-20,0.007267785457918606
2024-03-21,7.577390331600321e-05
2024-03-22,0.0005244298743572635
2024-03-25,-0.02087704378575424
2024-03-26,-0.009986991408699577
2024-03-27,-0.02392661720771772
2024-03-28,0.02028037500626858
2024-03-29,0.007056014270208027
2024-04-01,0.007684430377188949
2024-04-02,-0.003663075156662005
2024-04-03,-0.0030309933829658
2024-04-08,-0.01442317506157584
2024-04-09,0.01643081766037146
2024-04-10,-0.01178681018644762
2024-04-11,0.004284596572547374
2024-04-12,0.0007127056358147282
2024-04-15,-0.03162676435015944
2024-04-16,-0.02994115213393884
2024-04-17,0.03241500063071259
2024-04-18,-0.001374507116239657
2024-04-19,-0.001019033113439409
2024-04-22,0.001326290895052096
2024-04-23,4.633037995839528e-06
2024-04-24,0.02017409123068366
2024-04-25,-0.001069288004563507
2024-04-26,0.01026944014364424
2024-04-29,0.01626168236282604
2024-04-30,-0.004702228006382808
2024-05-06,0.005957359728097312
2024-05-07,0.001103909685334545
2024-05-08,-0.008669420731976402
2024-05-09,0.00893228199610706
2024-05-10,-0.01082690878809645
2024-05-13,-0.01042714861136529
2024-05-14,0.006828618989000716
2024-05-15,-0.001929333678116291
2024-05-16,-0.003243900714196825
2024-05-17,0.008328774778695647
2024-05-20,0.0001341407913300048
2024-05-21,-0.008257069996624181
2024-05-22,-0.0002161920045030721
2024-05-23,-0.01221454160998077
2024-05-24,-0.001966650927979959
2024-05-27,0.0004330332937694569
2024-05-28,-0.005546027821911706
2024-05-29,0.0005897768867433704
2024-05-30,0.004115595084573064
2024-05-31,0.008579651447426364
2024-06-03,-0.01796594271272807
2024-06-04,0.001199260807655436
2024-06-05,-0.007362960273918237
2024-06-06,-0.02095724589272097
2024-06-07,0.01001064952449233
2024-06-11,0.01717141372358319
2024-06-12,0.002487829387632607
2024-06-13,-0.003314334459709231
2024-06-14,0.002440675911593455
2024-06-17,0.001271483832226322
2024-06-18,0.008507777169924773
2024-06-19,-0.01205402176659241
2024-06-20,-0.0134894093556712
2024-06-21,0.001838072312765653
2024-06-24,-0.02914438787635362
2024-06-25,0.001637909430661294
2024-06-26,0.02546405447642568
2024-06-27,-0.01987322832566177
2024-06-28,0.002719866477851226
2024-07-01,0.005487994245822507
2024-07-02,-0.005332211625434032
2024-07-03,-0.005156014007636775
2024-07-04,-0.01588551999826286
2024-07-05,0.01501773396795931
2024-07-08,-0.01726598526316803
2024-07-09,0.01079357108800177
2024-07-10,-9.566468416300866e-05
2024-07-11,0.01355016415834076
2024-07-12,-0.004907948525555855
2024-07-15,-0.01122195250457382
2024-07-16,-0.005446530952734509
2024-07-17,-0.01047676752867026
2024-07-18,-0.0005955051213752515
2024-07-19,-0.002925539419661929
2024-07-22,0.006604232198179833
2024-07-23,-0.01253147424801408
2024-07-24,-0.004605911279838858
2024-07-25,0.00843016310223718
2024-07-26,0.01353474290562834
2024-07-29,-0.001679119651805764
2024-07-30,0.01042673322798022
2024-07-31,0.02903433615055926
2024-08-01,0.0002510583642522848
2024-08-02,-0.002958119654685188
2024-08-05,-0.01493963881806653
2024-08-06,0.01482806782076276
2024-08-07,-0.00209152192846967
2024-08-08,0.00194286041512224
2024-08-09,-0.007351524742439695
2024-08-12,-0.001612053342933666
2024-08-13,0.002088598533963664
2024-08-14,-0.002851366230207134
2024-08-15,-0.00127893065669173
2024-08-16,-0.007261657353770472
2024-08-19,-0.0002796822538121148
2024-08-20,-0.01029806820465217
2024-08-21,-0.0006387681431441871
2024-08-22,-0.007636667567825372
2024-08-23,-0.005183114404559208
2024-08-26,0.003421845113156015
2024-08-27,-0.005665298852503676
2024-08-28,0.008883578544841265
2024-08-29,0.01949413332533933
2024-08-30,0.006400212002126301
2024-09-02,-0.004378535814595068
2024-09-03,0.00455408760644558
2024-09-04,0.002858395828656511
2024-09-05,0.008323467275575737
2024-09-06,-0.009120968059169243
2024-09-09,0.002717767869010181
2024-09-10,0.003950780356244438
2024-09-11,0.001428981270221335
2024-09-12,0.001101129808748706
2024-09-13,-0.00593486192739429
2024-09-18,-0.006882659776736605
2024-09-19,0.01022118662364342
2024-09-20,-0.007113547937779999
2024-09-23,-0.0007091400353664385
2024-09-24,0.001545495911804938
2024-09-25,-0.007842837633889026
2024-09-26,0.003966714457252329
2024-09-27,0.01569630321725606
2024-09-30,0.001604313173123276
2024-10-08,0.04841170549005734
2024-10-09,0.002019121336238286
2024-10-10,-0.03569971270980852
2024-10-11,-0.01720121728331372
2024-10-14,0.0190356843928346
2024-10-15,0.002654485720288036
2024-10-16,0.01423320337088724
2024-10-17,0.006686435462718332
2024-10-18,0.01263442186320661
2024-10-21,0.0155897717456416
2024-10-22,-0.001412699430963889
2024-10-23,-0.0006575376365174791
2024-10-24,0.005869631637196378
2024-10-25,0.01899347739173667
2024-10-28,0.008091182294377556
2024-10-29,-0.007450658657315866
2024-10-30,0.01469152447236439
2024-10-31,0.01589861577293421
2024-11-01,-0.03219668013607699
2024-11-04,0.01158213499392721
2024-11-05,0.008823462989202568
2024-11-06,0.007621343247175248
2024-11-07,-0.01624507488166683
2024-11-08,0.01559228977331533
2024-11-11,0.01200331472250771
2024-11-12,-0.0004249204605267821
2024-11-13,-0.008561703818168294
2024-11-14,-0.007899765842907188
2024-11-15,-0.005089291927752291
2024-11-18,-0.01921329866296993
2024-11-19,0.01888754577443997
2024-11-20,0.01402593743050233
2024-11-21,-0.00279059344912799
2024-11-22,-0.00701411764944998
2024-11-25,0.01268596851012465
2024-11-26,-0.01194269603579566
2024-11-27,0.012561074346211
2024-11-28,-0.001031183647683588
2024-11-29,0.01030873409113461
2024-12-02,0.009946133257309045
2024-12-03,-0.000726554144916313
2024-12-04,-0.00986061471376148
2024-12-05,0.01497459337154682
2024-12-06,-0.0004933644399766918
2024-12-09,-0.009583064471055138
2024-12-10,0.005377300392794632
2024-12-11,0.01320306951742419
2024-12-12,-0.003679629124294174
2024-12-13,0.007479661440221691
2024-12-16,-0.009714541624744135
2024-12-17,-0.02255781579037148
2024-12-18,0.002959710445152359
2024-12-19,0.003580685191805945
2024-12-20,0.01006019135113675
2024-12-23,-0.02601409585580887
2024-12-24,-0.001603009737259341
2024-12-25,-0.008122267222338938
2024-12-26,0.007717305858514672
2024-12-27,0.003190346564954405
2024-12-30,-0.005739612247116535
2024-12-31,-0.01410603760114895
2025-01-02,0.0007608544273264781
2025-01-03,-0.01554629261021268
2025-01-06,-0.0006531976575709841
2025-01-07,0.006007492531720982
2025-01-08,-0.003843065388002726
2025-01-09,0.00189541806815731
2025-01-10,-0.007493624780795544
2025-01-13,0.00603673819438605
2025-01-14,0.0232791740964855
2025-01-15,-0.002025012767433119
2025-01-16,0.003830328373899494
2025-01-17,0.005942566404600911
2025-01-20,0.001493623415832615
2025-01-21,0.003919594168268147
2025-01-22,0.004053885143028308
2025-01-23,-0.007405707865071331
2025-01-24,0.0126478098235212
2025-01-27,-0.008801445163702196
2025-02-05,0.008577936899395155
2025-02-06,0.01293417360942329
2025-02-07,0.00304718320902451
2025-02-10,0.007746599342410017
2025-02-11,0.0025589894235021
2025-02-12,0.00535579603711203
2025-02-13,-0.005692784135035528
2025-02-14,-0.004202077457848204
2025-02-17,0.001308133273684382
2025-02-18,-0.01014020248780941
2025-02-19,0.01596460962007801
2025-02-20,0.005568087759821307
2025-02-21,0.009071168465680016
2025-02-24,-0.001698732928926786
2025-02-25,0.007323777930069495
2025-02-26,0.002200139489450632
2025-02-27,-0.00452779585791201
2025-02-28,-0.01031542273492455
2025-03-03,0.0009433857806542211
2025-03-04,0.01107497355782277
2025-03-05,0.00183498390835343
2025-03-06,0.0100729467064093
2025-03-07,-0.001588527415883933
2025-03-10,0.001995009542412832
2025-03-11,0.006311338743145356
2025-03-12,0.004838775949508878
2025-03-13,-0.007946309428542764
2025-03-14,-0.004923343434790058
2025-03-17,-0.0004879188804529379
2025-03-18,0.00318670352437701
2025-03-19,-0.00634218776527675
2025-03-20,0.005040899675211349
2025-03-21,-0.002851650116706995
2025-03-24,-0.01030727175156216
2025-03-25,-0.005504984869742094
2025-03-26,0.005383273790867652
2025-03-27,-0.0008204089381237552
2025-03-28,-0.00550003481069209
2025-03-31,0.001504998128070209
2025-04-01,0.002477500194455477
2025-04-02,0.006364067769485417
2025-04-03,-0.00586931190484822
2025-04-07,0.000248352570311583
2025-04-08,-0.04873589463181451
2025-04-09,0.004077054168465249
2025-04-10,0.01109660365066579
2025-04-11,0.01232745320517182
2025-04-14,0.00233489517775399
2025-04-15,-0.0005455542479284117
2025-04-16,-0.01369064058695347
2025-04-17,0.003342505868841936
2025-04-18,-0.001717664913163919
2025-04-21,0.0163023103893859
2025-04-22,1.937467484675909e-05
2025-04-23,0.008234841078828466
2025-04-24,-0.009806228579855667
2025-04-25,0.002857893203292535
2025-04-28,-0.007205653273316005
2025-04-29,0.008532517688159012
2025-04-30,0.006784611426441216
2025-05-06,0.01314847946647615
2025-05-07,-0.004545724583854717
2025-05-08,0.002296444503645951
2025-05-09,-0.009888373296798364
2025-05-12,0.003611982097740607
2025-05-13,-0.006134137747113513
2025-05-14,-0.007375116952324442
2025-05-15,-0.007160638606227893
2025-05-16,0.004499213108781821
2025-05-19,0.006433536386562281
2025-05-20,0.000593553743577324
2025-05-21,-0.007053210407323074
2025-05-22,-0.008129964071752817
2025-05-23,-0.004830149059473633
2025-05-26,0.01186085540756701
2025-05-27,0.004237060310255942
2025-05-28,-0.00102928664955247
2025-05-29,0.01498150899129901
2025-05-30,-0.007761965949465235
2025-06-03,0.004444274124615981
2025-06-04,0.004546756708172351
2025-06-05,0.005504412838370535
2025-06-06,-0.001431853937837915
2025-06-09,0.007613770143283155
2025-06-10,-0.00203949600946142
2025-06-11,-0.004744107464483817
2025-06-12,0.001170130455912442
2025-06-13,-0.004630372494931503
2025-06-16,0.003809669318342922
2025-06-17,0.0007513641667568469
2025-06-18,-0.001985839606447536
2025-06-19,-0.002057745017185718
2025-06-20,-0.006185461664759632
2025-06-23,0.004888542504299011
2025-06-24,0.01003385836846611
2025-06-25,0.002269387480227422
2025-06-26,0.0007757411428558369
2025-06-27,0.009410762232286547
2025-06-30,0.003880236259275854
2025-07-01,-0.002046860313437791
2025-07-02,-0.005055418910445406
2025-07-03,-0.003202682990684499
2025-07-04,-0.008189843429517478
2025-07-07,0.004516040044597147
2025-07-08,0.009690026073970466
2025-07-09,-0.002165988915679553
2025-07-10,-0.002191192739803307
2025-07-11,0.008547846120273487
2025-07-14,-0.0005772025316144018
2025-07-15,-0.002602197384558844
2025-07-16,0.005664906553333736
2025-07-17,0.004846364140646145
2025-07-18,-0.00401716442427519
2025-07-21,0.00180417928211676
2025-07-22,-0.002636863074721304
2025-07-23,-0.002394882110679607
2025-07-24,0.01015061294468757
2025-07-25,0.004242313197531604
2025-07-28,-0.001669320433313611
2025-07-29,0.003891843458043397
2025-07-30,-0.007398902699179956
2025-07-31,0.009218488903153776
2025-08-01,0.007599953295039641
2025-08-04,0.00919794919768923
2025-08-05,-0.001344748543664087
2025-08-06,0.008710345227151136
2025-08-07,-0.0009390772671377151
2025-08-08,-3.133558198595765e-05
2025-08-11,0.01228439201650734
2025-08-12,-0.001888677464717915
2025-08-13,0.008092701794689964
2025-08-14,-0.008700085345100928
2025-08-15,0.01204395165456256
2025-08-18,0.007248509584331674
2025-08-19,0.003947624718269496
2025-08-20,0.001567399480577129
2025-08-21,-0.01270135595253829
2025-08-22,-0.0057466343738342
2025-08-25,-0.009587660805317363
2025-08-26,0.005845884139112802
2025-08-27,-0.003154135676223481
2025-08-28,-0.008425973474303558
2025-08-29,-0.01043604592630683
2025-09-01,0.0005156223677002689
2025-09-02,-0.01085416729179759
2025-09-03,-0.003698473336397704
2025-09-04,-0.001252618497626534
2025-09-05,0.007764863874498949
2025-09-08,0.002417944773498854
2025-09-09,-0.005210846794979431
2025-09-10,-0.003229059178140662
2025-09-11,0.005042104095501817
2025-09-12,0.007012640953242655
2025-09-15,-0.004182915261375044
2025-09-16,0.01532733820575554
2025-09-17,0.005172324584259994
2025-09-18,7.380856094717572e-05
2025-09-19,-0.006755496881689523
2025-09-22,0.001582856704614478
2025-09-23,-0.01406861680943124
2025-09-24,0.01425538565344136
2025-09-25,-0.01007374035937716
2025-09-26,-0.004433352489256271
2025-09-29,0.002131952445313109
2025-09-30,0.006757703516948764
2025-10-09,-0.009428354915162314
2025-10-10,0.006224470605243079
2025-10-13,0.001451577723265184
2025-10-14,-0.009523350327738824
2025-10-15,0.003084815798179239
2025-10-16,-0.01245402979319801
2025-10-17,-0.003227846103196839
2025-10-20,0.0006309703560701315
2025-10-21,0.002126256813546334
2025-10-22,0.0002172054476639609
2025-10-23,-0.001648166820736973
2025-10-24,0.004799915126610632
2025-10-27,-0.007257386596808189
2025-10-28,0.005212592387471911
2025-10-29,0.002073729590909987
2025-10-30,-0.002162491196432925
2025-10-31,0.01291534845836937
2025-11-03,0.003388930800278638
2025-11-04,-0.005577675661007897
2025-11-05,0.001775471547905316
2025-11-06,-0.002909834194627653
2025-11-07,0.003200439743474205
2025-11-10,-0.001379067940838268
2025-11-11,0.005064218468299534
2025-11-12,-0.00315141397928671
2025-11-13,0.003991317902320577
2025-11-14,0.002175639555875708
2025-11-17,0.007199245997490976
2025-11-18,4.525100060872624e-05
2025-11-19,-0.009478080551905042
2025-11-20,0.0008919696335796794
2025-11-21,-0.009611058034001686
2025-11-24,0.009838075459420819
2025-11-25,0.001846830558756818
2025-11-26,-0.00353723874020259
2025-11-27,-6.972640523673266e-05
2025-11-28,0.008089624129282356
2025-12-01,-0.006564938801087756
2025-12-02,-0.002378025961898241
2025-12-03,-0.002345328519159966
2025-12-04,0.0001380865923972241
2025-12-05,0.004777609758772304
2025-12-08,-0.0004403097339302237
2025-12-09,0.002169305049444007
2025-12-10,0.004456702713641958
2025-12-11,-0.0009029330130681107
2025-12-12,0.0005015787256343676
2025-12-15,-0.0006344997257473296
2025-12-16,-0.005446232429527251
2025-12-17,-0.001837079121656978
2025-12-18,0.004245921213378457
2025-12-19,0.005565426234183111
2025-12-22,0.0003827661711570552
2025-12-23,-0.002332547644311696
2025-12-24,0.01281074114113491
2025-12-25,0.008903960816292451
2025-12-26,0.001038804622545821
2025-12-29,0.001845984986595438
2025-12-30,0.0002354927733659745
2025-12-31,0.00189327448159679
2026-01-05,0.005808149015417215
2026-01-06,-0.001178574963190081
2026-01-07,0.005223768924850025
2026-01-08,0.01545519079303297
2026-01-09,0.02299712344181645
2026-01-12,0.02633136160915754
2026-01-13,-0.01458536484674802
2026-01-14,0.00442344018756255
2026-01-15,0.002691531180909185
2026-01-16,0.002510195062636915
2026-01-19,7.285516543607622e-05
2026-01-20,-0.003790153319096684
